date,year,month,pin,position,observationid,pms,pss,profile,maritial_status,sofid,nationality,scope,incidents_freq,age,tk_exp,resigned_rejoined,days_on_board,id
2013-01-02 00:00:00,2013,1,8284,master,4518569,3.06,0.0,0,SIN,61.25,IN,50.0,118.0,40.22,6.26,0,118,1
2013-01-02 00:00:00,2013,1,267,co,4518569,4.17,0.0,0,MAR,61.25,PL,0.0,104.0,49.05,11.47,0,104,2
2013-01-02 00:00:00,2013,1,1590,ce,4518569,2.98,5.0,0,MAR,0.0,PL,50.0,93.0,48.37,17.33,0,93,3
2013-01-02 00:00:00,2013,1,39,fae,4518569,3.06,4.9,0,MAR,61.25,NO,60.41666667,118.0,52.48,18.8,0,118,4
2013-01-05 00:00:00,2013,1,3421,master,4538410,0.0,19.5,1,MAR,0.0,AU,50.0,37.0,57.61,16.09,0,37,5
2013-01-05 00:00:00,2013,1,3623,co,4538410,0.0,18.75,1,MAR,0.0,AU,0.0,46.0,37.74,11.85,0,46,6
2013-01-05 00:00:00,2013,1,3545,ce,4538410,0.0,0.0,1,MAR,0.0,AU,0.0,44.0,33.33,11.11,0,44,7
2013-01-05 00:00:00,2013,1,5366,fae,4538410,0.0,0.0,1,SIN,0.0,AU,0.0,48.0,28.47,-4.02,1,48,8
2013-01-08 00:00:00,2013,1,3545,ce,4538416,0.0,0.0,1,MAR,0.0,AU,0.0,22.0,33.33,11.11,0,44,9
2013-01-08 00:00:00,2013,1,5366,fae,4538416,0.0,0.0,1,SIN,0.0,AU,0.0,24.0,28.47,-4.02,1,48,10
2013-01-08 00:00:00,2013,1,1515,ce,4999835,0.0,8.0,0,SIN,0.0,LV,0.0,102.0,37.03,13.59,0,102,11
2013-01-08 00:00:00,2013,1,2607,co,4999835,0.0,2.0,0,MAR,0.0,PH,0.0,99.0,43.7,23.74,0,99,12
2013-01-08 00:00:00,2013,1,3421,master,4538416,0.0,12.3,1,MAR,0.0,AU,50.0,18.5,57.61,16.09,0,37,13
2013-01-08 00:00:00,2013,1,1454,fae,4999835,0.0,2.0,0,SIN,0.0,GB,60.27777778,99.0,58.77,15.37,0,99,14
2013-01-08 00:00:00,2013,1,3623,co,4538416,0.0,11.83,1,MAR,0.0,AU,0.0,23.0,37.74,11.85,0,46,15
2013-01-08 00:00:00,2013,1,1722,master,4999835,0.0,8.0,0,MAR,0.0,IT,50.0,102.0,56.89,10.81,0,102,16
2013-01-11 00:00:00,2013,1,3421,master,4538414,0.0,20.7,1,MAR,0.0,AU,50.0,12.33,57.61,16.09,0,37,17
2013-01-11 00:00:00,2013,1,3623,co,4538414,0.0,10.38,1,MAR,0.0,AU,0.0,15.33,37.74,11.85,0,46,18
2013-01-11 00:00:00,2013,1,3545,ce,4538414,0.0,22.5,1,MAR,0.0,AU,0.0,14.67,33.33,11.11,0,44,19
2013-01-11 00:00:00,2013,1,5366,fae,4538414,0.0,7.5,1,SIN,0.0,AU,0.0,16.0,28.47,-4.02,1,48,20
2013-01-12 00:00:00,2013,1,244,fae,4523393,0.0,22.5,0,MAR,0.0,PL,48.61111111,118.0,42.39,11.89,0,118,21
2013-01-12 00:00:00,2013,1,528,ce,4523393,0.0,50.25,1,MAR,0.0,PH,0.0,120.0,58.9,25.05,0,120,22
2013-01-12 00:00:00,2013,1,9243,co,4523393,0.0,0.0,0,MAR,0.0,IT,79.44444444,120.0,32.26,4.76,0,120,23
2013-01-12 00:00:00,2013,1,770,master,4523393,0.0,2.25,1,MAR,0.0,IN,0.0,141.0,53.88,19.25,0,141,24
2013-01-13 00:00:00,2013,1,3545,ce,4538412,0.0,17.25,1,MAR,0.0,AU,0.0,11.0,33.33,11.11,0,44,25
2013-01-13 00:00:00,2013,1,5366,fae,4538412,0.0,6.75,1,SIN,0.0,AU,0.0,12.0,28.47,-4.02,1,48,26
2013-01-13 00:00:00,2013,1,3421,master,4538412,0.0,16.02,1,MAR,0.0,AU,50.0,9.25,57.61,16.09,0,37,27
2013-01-13 00:00:00,2013,1,3623,co,4538412,0.0,10.38,1,MAR,0.0,AU,0.0,11.5,37.74,11.85,0,46,28
2013-01-15 00:00:00,2013,1,9172,fae,4525027,0.0,15.0,1,,0.0,ES,0.0,136.0,37.75,2.08,0,136,29
2013-01-15 00:00:00,2013,1,7709,co,4525027,0.0,15.0,1,MAR,0.0,IN,91.66666667,108.0,33.79,10.34,0,108,30
2013-01-15 00:00:00,2013,1,10788,master,4525027,0.0,22.5,1,MAR,0.0,IN,0.0,99.0,38.9,3.5,0,99,31
2013-01-15 00:00:00,2013,1,773,ce,4525027,0.0,22.5,0,DIV,0.0,IN,50.0,112.0,53.07,18.8,0,112,32
2013-01-16 00:00:00,2013,1,7836,fae,4527590,11.48,5.0,0,MAR,38.75,IN,83.95833333,115.0,36.21,12.41,0,115,33
2013-01-16 00:00:00,2013,1,1354,master,4527590,5.67,0.0,0,MAR,0.0,PH,50.0,96.0,52.51,10.49,0,96,34
2013-01-16 00:00:00,2013,1,1499,ce,4527590,2.85,5.0,0,SIN,38.75,IN,50.0,117.0,33.14,13.73,0,117,35
2013-01-16 00:00:00,2013,1,11992,co,4527590,4.03,0.0,0,MAR,38.75,RU,0.0,82.0,40.64,2.35,0,82,36
2013-01-18 00:00:00,2013,1,1834,fae,4528210,0.0,0.0,1,MAR,0.0,IN,66.11111111,123.0,41.27,-2.82,0,123,37
2013-01-18 00:00:00,2013,1,11754,co,4528210,0.0,36.75,1,MAR,0.0,BG,61.25,82.0,39.25,2.65,0,82,38
2013-01-18 00:00:00,2013,1,8246,ce,4528210,0.0,0.0,1,MAR,0.0,IN,0.0,111.0,54.2,7.51,0,111,39
2013-01-18 00:00:00,2013,1,8012,master,4528210,0.0,38.25,1,MAR,0.0,IN,0.0,120.0,38.75,15.89,0,120,40
2013-01-19 00:00:00,2013,1,7792,ce,4542954,1.8,0.0,0,MAR,0.0,IN,0.0,99.0,50.23,-0.65,0,99,41
2013-01-19 00:00:00,2013,1,8418,master,4542954,1.06,6.0,0,MAR,0.0,IN,0.0,95.0,39.75,12.69,0,95,42
2013-01-19 00:00:00,2013,1,11980,fae,4542954,2.97,0.0,1,MAR,0.0,IN,81.94444444,129.0,33.21,2.67,0,129,43
2013-01-19 00:00:00,2013,1,7987,co,4542954,1.8,4.0,0,MAR,0.0,IN,56.33333333,85.0,30.91,8.8,0,85,44
2013-01-21 00:00:00,2013,1,1444,co,4532022,13.36,0.0,0,SIN,0.0,LV,0.0,49.0,34.88,15.64,0,49,45
2013-01-21 00:00:00,2013,1,1468,ce,4532022,7.1,5.0,0,DIV,52.5,GB,0.0,104.0,54.65,15.03,0,104,46
2013-01-21 00:00:00,2013,1,91,master,4532022,5.49,0.0,0,MAR,52.5,NO,0.0,99.0,62.62,25.95,0,99,47
2013-01-21 00:00:00,2013,1,12299,fae,4532022,4.88,5.0,0,MAR,52.5,RO,77.5,111.0,38.79,-3.23,0,111,48
2013-01-22 00:00:00,2013,1,7457,co,4530084,13.81,4.9,1,SIN,26.25,IN,78.75,86.0,35.25,5.85,0,86,49
2013-01-22 00:00:00,2013,1,9404,master,4530084,9.33,5.1,1,MAR,78.75,IN,0.0,77.0,47.58,4.84,0,77,50
2013-01-22 00:00:00,2013,1,7813,fae,4530084,8.9,0.0,0,MAR,8.75,IN,80.83333333,78.0,35.83,5.65,0,78,51
2013-01-22 00:00:00,2013,1,1765,ce,4530084,11.41,0.0,1,MAR,8.75,IN,0.0,99.0,56.56,23.64,0,99,52
2013-01-23 00:00:00,2013,1,1189,master,4534842,3.13,2.0,0,MAR,8.75,IN,0.0,99.0,53.76,1.06,1,99,53
2013-01-23 00:00:00,2013,1,1499,ce,5052143,2.85,5.0,0,SIN,38.75,IN,50.0,58.5,33.14,13.73,0,117,54
2013-01-23 00:00:00,2013,1,11992,co,5052143,4.03,22.5,0,MAR,38.75,RU,0.0,41.0,40.64,2.35,0,82,55
2013-01-23 00:00:00,2013,1,8403,master,5052143,12.41,23.4,0,MAR,38.75,IN,0.0,101.0,36.09,5.76,0,101,56
2013-01-23 00:00:00,2013,1,8829,ce,4534842,3.64,10.0,0,MAR,8.75,IN,0.0,112.0,48.41,3.74,0,112,57
2013-01-23 00:00:00,2013,1,7836,fae,5052143,11.48,5.0,0,MAR,38.75,IN,83.95833333,57.5,36.21,12.41,0,115,58
2013-01-23 00:00:00,2013,1,12687,co,4534842,3.13,0.0,1,MAR,8.75,IN,0.0,118.0,33.61,1.72,0,118,59
2013-01-23 00:00:00,2013,1,11409,fae,4534842,3.13,8.0,0,MAR,8.75,IN,100.0,99.0,34.62,2.97,0,99,60
2013-01-27 00:00:00,2013,1,7338,co,4535032,0.0,2.5,1,SIN,0.0,HR,43.75,120.0,31.21,6.1,0,120,61
2013-01-27 00:00:00,2013,1,770,master,4535032,0.0,2.42,1,MAR,0.0,IN,0.0,70.5,53.88,19.25,0,141,62
2013-01-27 00:00:00,2013,1,1144,ce,4535032,0.0,0.0,1,MAR,0.0,HR,0.0,94.0,54.85,23.17,0,94,63
2013-01-27 00:00:00,2013,1,7752,fae,4535032,0.0,0.0,0,MAR,0.0,IN,66.66666667,139.0,33.34,6.46,0,139,64
2013-01-28 00:00:00,2013,1,10796,master,4534470,7.26,2.6,0,MAR,78.75,IN,50.0,117.0,52.95,3.38,0,117,65
2013-01-28 00:00:00,2013,1,7757,fae,4534470,7.71,0.0,0,MAR,78.75,IN,72.52083333,141.0,34.76,6.24,0,141,66
2013-01-28 00:00:00,2013,1,12683,master,4542092,0.0,51.0,0,MAR,0.0,IN,50.0,113.0,44.38,1.82,0,113,67
2013-01-28 00:00:00,2013,1,3100,co,4534470,5.13,2.5,1,MAR,0.0,IN,0.0,115.0,50.11,10.57,0,115,68
2013-01-28 00:00:00,2013,1,11556,ce,4534470,7.71,0.0,0,MAR,0.0,PL,0.0,72.0,51.49,2.96,0,72,69
2013-01-28 00:00:00,2013,1,1835,ce,4542092,0.0,0.0,0,MAR,0.0,IN,50.0,95.0,45.66,14.13,0,95,70
2013-01-28 00:00:00,2013,1,7737,co,4542092,0.0,49.0,0,MAR,0.0,IN,0.0,95.0,28.62,10.68,0,95,71
2013-01-28 00:00:00,2013,1,8119,fae,4542092,0.0,0.0,0,MAR,0.0,IN,25.83333333,113.0,37.53,9.83,0,113,72
2013-01-29 00:00:00,2013,1,12687,co,4536354,3.13,9.8,1,MAR,8.75,IN,0.0,59.0,33.61,1.72,0,118,73
2013-01-29 00:00:00,2013,1,11409,fae,4536354,3.13,8.0,0,MAR,8.75,IN,100.0,49.5,34.62,2.97,0,99,74
2013-01-29 00:00:00,2013,1,1189,master,4536354,3.13,6.1,0,MAR,8.75,IN,0.0,49.5,53.76,1.06,1,99,75
2013-01-29 00:00:00,2013,1,8829,ce,4536354,3.64,10.0,0,MAR,8.75,IN,0.0,56.0,48.41,3.74,0,112,76
2013-01-31 00:00:00,2013,1,7983,master,4539092,4.54,10.2,0,MAR,0.0,IN,0.0,79.0,51.7,8.83,0,79,77
2013-01-31 00:00:00,2013,1,5392,co,4539092,5.23,9.8,1,MAR,0.0,RU,66.66666667,95.0,30.95,8.49,0,95,78
2013-01-31 00:00:00,2013,1,1413,ce,4539092,4.63,0.0,0,MAR,0.0,HR,37.5,96.0,54.87,16.0,0,96,79
2013-01-31 00:00:00,2013,1,9456,fae,4539092,5.23,0.0,0,MAR,0.0,PK,95.0,91.0,31.99,4.79,0,91,80
2013-02-01 00:00:00,2013,2,7650,fae,4542318,5.54,2.5,0,MAR,0.0,IN,77.0,106.0,38.27,5.82,0,106,81
2013-02-01 00:00:00,2013,2,9522,ce,4542318,5.23,2.5,1,MAR,8.75,IN,0.0,159.0,55.63,4.77,0,159,82
2013-02-01 00:00:00,2013,2,9207,master,4542318,5.01,0.0,1,MAR,8.75,IN,0.0,127.0,51.52,5.17,0,127,83
2013-02-01 00:00:00,2013,2,12658,co,4542318,5.54,0.0,0,MAR,0.0,IN,0.0,106.0,33.18,1.94,0,106,84
2013-02-05 00:00:00,2013,2,5392,co,4541048,5.62,8.65,1,MAR,0.0,RU,73.0,47.5,30.95,8.49,0,95,85
2013-02-05 00:00:00,2013,2,1413,ce,4541048,5.33,30.0,0,MAR,0.0,HR,40.0,48.0,54.87,16.0,0,96,86
2013-02-05 00:00:00,2013,2,9456,fae,4541048,5.62,7.5,0,MAR,0.0,PK,90.0,45.5,31.99,4.79,0,91,87
2013-02-05 00:00:00,2013,2,7983,master,4541048,5.35,20.1,0,MAR,0.0,IN,0.0,39.5,51.7,8.83,0,79,88
2013-02-07 00:00:00,2013,2,8651,co,4544268,0.0,9.8,0,,0.0,RU,0.0,121.0,50.36,5.09,0,121,89
2013-02-07 00:00:00,2013,2,10607,ce,4544268,0.0,0.0,1,MAR,0.0,IN,20.0,93.0,42.67,3.96,0,93,90
2013-02-07 00:00:00,2013,2,8854,master,4544268,0.0,10.2,0,MAR,0.0,IN,0.0,132.0,44.76,5.36,0,132,91
2013-02-07 00:00:00,2013,2,9464,fae,4544268,0.0,0.0,0,MAR,0.0,IN,65.0,118.0,40.24,5.03,0,118,92
2013-02-08 00:00:00,2013,2,5794,fae,4541394,7.48,3.0,0,SIN,15.97,ES,67.0,64.0,35.82,6.66,1,64,93
2013-02-08 00:00:00,2013,2,6022,co,4541394,1.22,0.0,1,MAR,14.29,ES,0.0,87.0,56.83,20.9,0,87,94
2013-02-08 00:00:00,2013,2,5854,ce,4541394,7.48,6.7,1,MAR,15.97,ES,0.0,88.0,42.95,13.35,0,88,95
2013-02-08 00:00:00,2013,2,6038,master,4541394,6.77,0.0,0,MAR,28.42,ES,0.0,83.0,61.89,-0.16,0,83,96
2013-02-09 00:00:00,2013,2,10788,master,4541542,0.0,14.25,1,MAR,0.0,IN,0.0,49.5,38.9,3.5,0,99,97
2013-02-09 00:00:00,2013,2,773,ce,4541542,0.0,22.5,0,DIV,0.0,IN,50.0,56.0,53.07,18.8,0,112,98
2013-02-09 00:00:00,2013,2,9172,fae,4541542,0.0,15.0,1,,0.0,ES,0.0,68.0,37.75,2.08,0,136,99
2013-02-09 00:00:00,2013,2,7709,co,4541542,0.0,9.5,1,MAR,0.0,IN,90.0,54.0,33.79,10.34,0,108,100
2013-02-15 00:00:00,2013,2,2997,fae,4549684,5.09,5.0,0,MAR,10.62,IN,0.0,112.0,46.91,13.47,0,112,101
2013-02-15 00:00:00,2013,2,7815,ce,4549684,6.21,5.0,0,MAR,7.08,IN,0.0,109.0,40.1,13.72,0,109,102
2013-02-15 00:00:00,2013,2,12177,co,4549684,6.74,0.0,1,MAR,21.25,BG,0.0,81.0,40.03,2.39,0,81,103
2013-02-15 00:00:00,2013,2,1812,master,4549684,6.74,0.0,0,MAR,0.0,IT,0.0,138.0,49.84,4.85,1,138,104
2013-02-16 00:00:00,2013,2,1812,master,4549678,6.74,10.4,0,MAR,0.0,IT,0.0,69.0,49.84,4.85,1,138,105
2013-02-16 00:00:00,2013,2,2997,fae,4549678,5.09,5.0,0,MAR,10.62,IN,0.0,56.0,46.91,13.47,0,112,106
2013-02-16 00:00:00,2013,2,7815,ce,4549678,6.21,5.0,0,MAR,7.08,IN,0.0,54.5,40.1,13.72,0,109,107
2013-02-16 00:00:00,2013,2,12177,co,4549678,6.74,9.8,1,MAR,21.25,BG,0.0,40.5,40.03,2.39,0,81,108
2013-02-20 00:00:00,2013,2,6110,ce,4549866,0.0,2.5,1,SIN,0.0,ES,0.0,85.0,34.92,7.34,0,85,109
2013-02-20 00:00:00,2013,2,10212,master,4549866,0.0,0.0,1,MAR,0.0,ES,0.0,114.0,48.79,17.09,0,114,110
2013-02-20 00:00:00,2013,2,5996,co,4549866,0.0,0.0,0,SIN,0.0,ES,77.0,91.0,37.44,10.14,0,91,111
2013-02-20 00:00:00,2013,2,6397,fae,4549866,0.0,2.5,0,MAR,0.0,ES,43.0,85.0,39.82,6.78,0,85,112
2013-02-21 00:00:00,2013,2,1000,master,4552592,-1.76,12.0,0,MAR,43.75,GB,90.0,94.0,60.56,23.84,0,94,113
2013-02-21 00:00:00,2013,2,1568,co,4552592,1.74,8.0,0,MAR,43.75,HR,78.0,91.0,38.34,13.02,0,91,114
2013-02-21 00:00:00,2013,2,7915,fae,4552592,-1.11,0.0,0,MAR,43.75,IN,0.0,93.0,38.79,8.28,0,93,115
2013-02-21 00:00:00,2013,2,10845,ce,4552592,-1.76,0.0,0,MAR,0.0,IN,90.0,94.0,47.7,3.6,0,94,116
2013-02-22 00:00:00,2013,2,7836,fae,5052093,8.3,3.75,0,MAR,50.0,IN,90.0,38.33,36.21,12.41,0,115,117
2013-02-22 00:00:00,2013,2,290,co,5052093,8.77,0.0,0,MAR,0.0,PL,100.0,129.0,35.43,12.57,0,129,118
2013-02-22 00:00:00,2013,2,1499,ce,5052093,5.43,3.75,0,SIN,50.0,IN,50.0,39.0,33.14,13.73,0,117,119
2013-02-22 00:00:00,2013,2,8403,master,5052093,7.28,23.5,0,MAR,25.83,IN,0.0,50.5,36.09,5.76,0,101,120
2013-02-24 00:00:00,2013,2,267,co,4551159,3.69,0.0,0,MAR,19.25,PL,0.0,52.0,49.05,11.47,0,104,121
2013-02-24 00:00:00,2013,2,39,fae,4551159,3.05,6.45,0,MAR,19.25,NO,68.0,59.0,52.48,18.8,0,118,122
2013-02-24 00:00:00,2013,2,8284,master,4551159,3.05,2.1,0,SIN,19.25,IN,50.0,59.0,40.22,6.26,0,118,123
2013-02-24 00:00:00,2013,2,3104,ce,4551159,3.66,10.0,0,MAR,11.67,GB,0.0,94.0,59.79,10.54,0,94,124
2013-02-26 00:00:00,2013,2,1480,co,4556769,0.0,0.0,0,MAR,0.0,LV,70.0,106.0,37.38,14.84,0,106,125
2013-02-26 00:00:00,2013,2,1667,master,4556769,0.0,0.0,0,MAR,0.0,IT,50.0,97.0,57.14,11.55,0,97,126
2013-02-26 00:00:00,2013,2,1028,fae,4556769,0.0,2.5,0,MAR,0.0,PH,0.0,106.0,53.82,24.08,0,106,127
2013-02-26 00:00:00,2013,2,1515,ce,4556769,0.0,5.25,0,SIN,0.0,LV,0.0,51.0,37.03,13.59,0,102,128
2013-02-27 00:00:00,2013,2,1487,fae,4555997,17.24,36.75,1,SIN,42.25,LV,60.0,82.0,37.86,14.74,0,82,129
2013-02-27 00:00:00,2013,2,84,master,4555997,17.24,0.0,1,MAR,0.0,SE,0.0,96.0,53.38,17.64,0,96,130
2013-02-27 00:00:00,2013,2,8829,ce,4555997,4.48,23.75,0,MAR,25.25,IN,0.0,37.33,48.41,3.74,0,112,131
2013-02-27 00:00:00,2013,2,12687,co,4555997,3.5,9.8,1,MAR,23.31,IN,0.0,39.33,33.61,1.72,0,118,132
2013-03-03 00:00:00,2013,3,3098,master,4557956,5.29,10.2,1,MAR,8.75,IN,0.0,83.0,47.85,10.62,0,83,133
2013-03-03 00:00:00,2013,3,10628,ce,4557956,-9.66,0.0,0,MAR,0.0,IN,0.0,127.0,51.54,3.74,0,127,134
2013-03-03 00:00:00,2013,3,2490,co,4557956,9.38,9.8,0,MAR,11.67,PH,56.0,122.0,50.72,5.52,1,122,135
2013-03-03 00:00:00,2013,3,10545,fae,4557956,5.29,0.0,0,MAR,8.75,RU,56.0,83.0,29.9,3.93,0,83,136
2013-03-04 00:00:00,2013,3,1389,ce,4560623,5.89,0.0,0,MAR,0.0,IN,0.0,113.0,54.71,16.51,0,113,137
2013-03-04 00:00:00,2013,3,7981,master,4560623,6.18,38.25,1,MAR,27.5,IN,0.0,103.0,38.38,1.87,1,103,138
2013-03-04 00:00:00,2013,3,8675,fae,4560623,6.18,0.0,1,MAR,27.5,IN,0.0,157.0,34.77,10.02,0,157,139
2013-03-04 00:00:00,2013,3,7457,co,4560623,9.61,20.83,1,SIN,27.0,IN,77.0,43.0,35.25,5.85,0,86,140
2013-03-06 00:00:00,2013,3,6022,co,4560575,-0.14,0.0,1,MAR,14.29,ES,0.0,43.5,56.83,20.9,0,87,141
2013-03-06 00:00:00,2013,3,5783,master,4560575,1.22,0.0,1,MAR,0.0,ES,0.0,50.0,59.46,16.68,0,50,142
2013-03-06 00:00:00,2013,3,5854,ce,4560575,4.49,10.05,1,MAR,15.97,ES,0.0,44.0,42.95,13.35,0,88,143
2013-03-06 00:00:00,2013,3,5880,fae,4560575,3.37,6.0,1,SIN,0.0,ES,80.0,50.0,51.43,17.95,0,50,144
2013-03-08 00:00:00,2013,3,8600,co,4563048,0.0,0.0,0,SIN,0.0,DE,83.0,83.0,40.22,5.54,0,83,145
2013-03-08 00:00:00,2013,3,12069,ce,4561873,0.0,4.0,0,MAR,0.0,PL,50.0,94.0,54.85,2.59,0,94,146
2013-03-08 00:00:00,2013,3,5692,master,4561873,0.0,4.0,0,MAR,0.0,ES,50.0,92.0,50.26,24.51,0,92,147
2013-03-08 00:00:00,2013,3,8083,fae,4563048,0.0,5.0,1,MAR,0.0,IN,0.0,79.0,45.53,10.34,0,79,148
2013-03-08 00:00:00,2013,3,5722,co,4561873,0.0,0.0,1,SIN,0.0,ES,90.0,94.0,36.82,10.49,0,94,149
2013-03-08 00:00:00,2013,3,3113,ce,4563048,0.0,5.0,0,MAR,0.0,IN,0.0,119.0,59.09,10.47,0,119,150
2013-03-08 00:00:00,2013,3,7682,master,4563048,0.0,0.0,0,MAR,0.0,IN,0.0,92.0,41.45,10.61,0,92,151
2013-03-08 00:00:00,2013,3,5765,fae,4561873,0.0,0.0,0,MAR,0.0,ES,0.0,65.0,36.08,7.87,0,65,152
2013-03-12 00:00:00,2013,3,2997,fae,4561589,4.56,6.5,0,MAR,21.67,IN,0.0,37.33,46.91,13.47,0,112,153
2013-03-12 00:00:00,2013,3,7815,ce,4561589,5.6,7.5,0,MAR,16.25,IN,0.0,36.33,40.1,13.72,0,109,154
2013-03-12 00:00:00,2013,3,12177,co,4561589,4.29,9.8,1,MAR,32.5,BG,0.0,27.0,40.03,2.39,0,81,155
2013-03-12 00:00:00,2013,3,1812,master,4561589,4.29,6.2,0,MAR,43.75,IT,0.0,46.0,49.84,4.85,1,138,156
2013-03-14 00:00:00,2013,3,8399,master,4566034,3.16,2.0,0,MAR,0.0,IN,0.0,127.0,37.55,12.14,0,127,157
2013-03-14 00:00:00,2013,3,1827,ce,4566034,2.97,10.0,0,MAR,0.0,IN,0.0,95.0,37.01,13.48,0,95,158
2013-03-14 00:00:00,2013,3,207,co,4566034,2.97,0.0,0,MAR,17.5,NO,0.0,95.0,55.7,13.43,0,95,159
2013-03-14 00:00:00,2013,3,11710,fae,4566034,3.16,8.0,0,MAR,0.0,IN,0.0,127.0,61.46,3.03,0,127,160
2013-03-19 00:00:00,2013,3,10958,fae,4566518,6.31,30.0,1,MAR,78.75,RU,0.0,91.0,36.08,3.55,0,91,161
2013-03-19 00:00:00,2013,3,6645,co,4566518,6.31,0.0,0,MAR,78.75,RU,60.0,132.0,37.23,6.38,0,132,162
2013-03-19 00:00:00,2013,3,8142,master,4566518,5.61,7.5,0,MAR,78.75,IN,90.0,99.0,56.93,8.23,0,99,163
2013-03-19 00:00:00,2013,3,11780,ce,4566518,5.61,37.5,1,MAR,78.75,IN,60.0,140.0,43.02,2.93,0,140,164
2013-03-19 00:00:00,2013,3,8824,ce,4567048,8.17,6.7,1,MAR,26.25,IN,0.0,96.0,42.93,5.38,0,96,165
2013-03-19 00:00:00,2013,3,8756,co,4567048,8.17,0.0,0,MAR,26.25,HR,73.0,96.0,33.07,5.41,0,96,166
2013-03-19 00:00:00,2013,3,830,master,4567048,8.42,0.0,1,MAR,26.25,IN,0.0,105.0,52.29,19.91,0,105,167
2013-03-19 00:00:00,2013,3,8844,fae,4567048,6.18,3.0,0,MAR,0.0,IN,0.0,101.0,37.78,5.42,0,101,168
2013-03-24 00:00:00,2013,3,1499,ce,4569926,7.89,4.17,0,SIN,43.5,IN,50.0,29.25,33.14,13.73,0,117,169
2013-03-24 00:00:00,2013,3,461,master,4569882,0.0,0.0,0,MAR,0.0,HR,50.0,94.0,52.18,24.48,0,94,170
2013-03-24 00:00:00,2013,3,8403,master,4569926,10.64,23.7,0,MAR,23.75,IN,0.0,33.67,36.09,5.76,0,101,171
2013-03-24 00:00:00,2013,3,479,fae,4569882,0.0,5.0,1,WDW,0.0,PH,77.0,94.0,54.98,23.8,0,94,172
2013-03-24 00:00:00,2013,3,7836,fae,4569926,10.34,4.17,0,MAR,43.5,IN,90.0,28.75,36.21,12.41,0,115,173
2013-03-24 00:00:00,2013,3,290,co,4569926,10.99,0.0,0,MAR,17.5,PL,100.0,64.5,35.43,12.57,0,129,174
2013-03-24 00:00:00,2013,3,7301,co,4569882,0.0,0.0,0,MAR,0.0,RU,75.0,121.0,33.67,6.32,0,121,175
2013-03-24 00:00:00,2013,3,845,ce,4569882,0.0,5.0,0,MAR,0.0,HR,0.0,96.0,53.95,22.69,0,96,176
2013-03-28 00:00:00,2013,3,8415,fae,4573244,0.96,6.0,0,SIN,5.83,ME,0.0,95.0,35.88,5.75,0,95,177
2013-03-28 00:00:00,2013,3,1800,master,4573244,-5.82,0.0,1,SIN,0.0,IT,50.0,108.0,54.98,16.88,0,108,178
2013-03-28 00:00:00,2013,3,7204,co,4573244,0.96,0.0,0,MAR,5.83,HR,41.0,86.0,47.97,-3.69,1,86,179
2013-03-28 00:00:00,2013,3,48,ce,4573244,-0.86,13.4,1,MAR,0.0,PL,50.0,100.0,55.57,23.34,1,100,180
2013-03-29 00:00:00,2013,3,1835,ce,4580263,0.0,10.0,0,MAR,0.0,IN,50.0,47.5,45.66,14.13,0,95,181
2013-03-29 00:00:00,2013,3,8119,fae,4580263,0.0,8.0,0,MAR,0.0,IN,30.0,56.5,37.53,9.83,0,113,182
2013-03-29 00:00:00,2013,3,7737,co,4580263,0.0,49.0,0,MAR,0.0,IN,0.0,47.5,28.62,10.68,0,95,183
2013-03-29 00:00:00,2013,3,8497,co,4575378,27.41,0.0,0,MAR,0.0,IN,85.0,153.0,35.1,8.06,0,153,184
2013-03-29 00:00:00,2013,3,12683,master,4580263,0.0,26.5,0,MAR,0.0,IN,50.0,56.5,44.38,1.82,0,113,185
2013-03-29 00:00:00,2013,3,1487,fae,4575378,20.67,19.62,1,SIN,42.25,LV,60.0,41.0,37.86,14.74,0,82,186
2013-03-29 00:00:00,2013,3,84,master,4575378,20.67,0.0,1,MAR,0.0,SE,0.0,48.0,53.38,17.64,0,96,187
2013-03-29 00:00:00,2013,3,8829,ce,4575378,11.74,16.67,0,MAR,25.25,IN,0.0,28.0,48.41,3.74,0,112,188
2013-03-30 00:00:00,2013,3,11402,fae,4575316,0.0,0.0,1,MAR,0.0,IN,90.0,144.0,41.38,3.32,0,144,189
2013-03-30 00:00:00,2013,3,7839,master,4575316,0.0,10.2,1,MAR,0.0,IN,0.0,107.0,35.81,12.48,0,107,190
2013-03-30 00:00:00,2013,3,1481,co,4575316,0.0,9.8,1,SIN,0.0,LV,0.0,100.0,36.98,14.97,0,100,191
2013-03-30 00:00:00,2013,3,7964,ce,4575316,0.0,0.0,1,MAR,0.0,IN,0.0,115.0,41.86,9.14,0,115,192
2013-04-01 00:00:00,2013,4,8834,master,4578011,0.0,6.0,0,MAR,0.0,IN,0.0,84.0,44.73,13.48,0,84,193
2013-04-01 00:00:00,2013,4,1812,master,4576259,3.52,6.63,0,MAR,21.88,IT,0.0,34.5,49.84,4.85,1,138,194
2013-04-01 00:00:00,2013,4,12824,ce,4578011,0.0,0.0,0,MAR,0.0,HR,0.0,81.0,47.18,1.74,0,81,195
2013-04-01 00:00:00,2013,4,759,fae,4578011,0.0,0.0,0,MAR,0.0,PH,70.0,93.0,58.01,23.27,0,93,196
2013-04-01 00:00:00,2013,4,2997,fae,4576259,3.94,11.83,0,MAR,16.25,IN,0.0,28.0,46.91,13.47,0,112,197
2013-04-01 00:00:00,2013,4,9407,co,4578011,0.0,4.0,0,MAR,0.0,HR,76.0,84.0,32.62,5.16,0,84,198
2013-04-01 00:00:00,2013,4,12177,co,4576259,3.52,9.8,1,MAR,21.67,BG,0.0,20.25,40.03,2.39,0,81,199
2013-04-01 00:00:00,2013,4,2089,ce,4576259,2.67,45.0,0,MAR,0.0,PH,50.0,98.0,49.73,25.84,0,98,200
2013-04-05 00:00:00,2013,4,5398,fae,4576583,0.5,0.0,0,MAR,18.47,RU,70.0,88.0,39.9,8.71,0,88,201
2013-04-05 00:00:00,2013,4,8801,co,4576583,-0.68,4.9,0,SIN,20.03,HR,70.0,107.0,32.34,-4.77,0,107,202
2013-04-05 00:00:00,2013,4,2980,master,4576583,0.5,5.1,0,MAR,24.69,IN,0.0,88.0,62.25,22.89,0,88,203
2013-04-05 00:00:00,2013,4,8722,ce,4576583,2.13,0.0,0,MAR,13.12,IN,0.0,95.0,42.17,5.63,0,95,204
2013-04-08 00:00:00,2013,4,5880,fae,4580577,1.84,14.25,1,SIN,0.0,ES,80.0,25.0,51.43,17.95,0,50,205
2013-04-08 00:00:00,2013,4,9269,ce,4580577,9.62,45.0,1,MAR,0.0,ES,0.0,74.0,55.95,-0.81,0,74,206
2013-04-08 00:00:00,2013,4,6022,co,4580577,-0.19,0.0,1,MAR,14.29,ES,0.0,29.0,56.83,20.9,0,87,207
2013-04-08 00:00:00,2013,4,5783,master,4580577,0.1,8.1,1,MAR,0.0,ES,0.0,25.0,59.46,16.68,0,50,208
2013-04-09 00:00:00,2013,4,10669,fae,4588477,1.4,0.0,1,MAR,78.75,RU,85.0,136.0,35.39,-4.12,0,136,209
2013-04-09 00:00:00,2013,4,5393,co,4588477,2.22,36.75,1,SIN,47.25,RU,83.0,148.0,32.16,8.9,0,148,210
2013-04-09 00:00:00,2013,4,1374,master,4588477,1.91,38.25,0,MAR,46.96,HR,0.0,135.0,60.14,20.95,0,135,211
2013-04-09 00:00:00,2013,4,9521,ce,4588477,2.22,0.0,1,MAR,2.33,IN,0.0,93.0,46.38,5.02,0,93,212
2013-04-13 00:00:00,2013,4,5880,fae,4581627,1.84,14.25,1,SIN,0.0,ES,80.0,16.67,51.43,17.95,0,50,213
2013-04-13 00:00:00,2013,4,9269,ce,4581627,9.62,45.0,1,MAR,0.0,ES,0.0,37.0,55.95,-0.81,0,74,214
2013-04-13 00:00:00,2013,4,6022,co,4581627,-0.19,2.5,1,MAR,14.29,ES,0.0,21.75,56.83,20.9,0,87,215
2013-04-13 00:00:00,2013,4,5783,master,4581627,0.1,5.35,1,MAR,0.0,ES,0.0,16.67,59.46,16.68,0,50,216
2013-04-18 00:00:00,2013,4,4759,master,4587133,0.0,5.2,1,MAR,0.0,IN,50.0,96.0,57.19,10.09,0,96,217
2013-04-18 00:00:00,2013,4,1741,fae,4587133,0.0,0.0,0,MAR,0.0,HR,70.0,89.0,44.93,11.04,0,89,218
2013-04-18 00:00:00,2013,4,773,ce,4587133,0.0,22.5,0,DIV,0.0,IN,50.0,37.33,53.07,18.8,0,112,219
2013-04-18 00:00:00,2013,4,6556,co,4587133,0.0,5.0,0,MAR,0.0,HR,85.0,138.0,30.14,6.67,0,138,220
2013-04-19 00:00:00,2013,4,10846,fae,4586871,-2.79,2.5,0,MAR,27.75,IN,0.0,112.0,34.29,3.6,0,112,221
2013-04-19 00:00:00,2013,4,1425,ce,4586871,-1.81,2.5,0,MAR,28.04,IN,0.0,116.0,47.8,15.95,0,116,222
2013-04-19 00:00:00,2013,4,9402,master,4586871,-7.5,0.0,1,MAR,20.42,RU,70.0,104.0,50.89,-3.17,0,104,223
2013-04-19 00:00:00,2013,4,3232,co,4586871,-1.62,0.0,0,MAR,22.1,IN,0.0,127.0,37.62,10.45,0,127,224
2013-04-21 00:00:00,2013,4,806,co,4589385,2.83,8.0,0,MAR,8.75,PH,68.0,131.0,41.33,21.11,0,131,225
2013-04-21 00:00:00,2013,4,2903,master,4589385,2.87,12.0,0,MAR,8.75,IN,0.0,132.0,53.28,19.77,0,132,226
2013-04-21 00:00:00,2013,4,10901,ce,4589385,2.25,0.0,1,MAR,6.56,IN,0.0,109.0,35.71,3.62,0,109,227
2013-04-21 00:00:00,2013,4,1375,fae,4589385,0.9,0.0,0,MAR,8.75,HR,0.0,127.0,63.24,-2.41,0,127,228
2013-04-22 00:00:00,2013,4,8736,ce,4586697,9.53,6.7,1,MAR,0.0,HR,0.0,106.0,63.76,5.68,0,106,229
2013-04-22 00:00:00,2013,4,290,co,4586697,11.21,0.0,0,MAR,5.83,PL,100.0,43.0,35.43,12.57,0,129,230
2013-04-22 00:00:00,2013,4,8403,master,4586697,10.88,24.0,0,MAR,19.0,IN,0.0,25.25,36.09,5.76,0,101,231
2013-04-22 00:00:00,2013,4,7836,fae,4586697,10.63,3.88,0,MAR,36.25,IN,90.0,23.0,36.21,12.41,0,115,232
2013-04-24 00:00:00,2013,4,8497,co,4596059,21.49,4.8,0,MAR,0.0,IN,85.0,76.5,35.1,8.06,0,153,233
2013-04-24 00:00:00,2013,4,1487,fae,4596059,20.87,14.68,1,SIN,42.25,LV,60.0,27.33,37.86,14.74,0,82,234
2013-04-24 00:00:00,2013,4,84,master,4596059,20.87,6.05,1,MAR,0.0,SE,0.0,32.0,53.38,17.64,0,96,235
2013-04-24 00:00:00,2013,4,8829,ce,4596059,14.37,13.8,0,MAR,25.25,IN,0.0,22.4,48.41,3.74,0,112,236
2013-04-27 00:00:00,2013,4,6010,co,4602779,0.0,30.0,1,MAR,0.0,ES,0.0,94.0,58.93,15.58,0,94,237
2013-04-27 00:00:00,2013,4,6021,fae,4602779,0.0,0.0,1,MAR,0.0,ES,100.0,84.0,49.46,13.44,0,84,238
2013-04-27 00:00:00,2013,4,6029,ce,4602779,0.0,0.0,1,MAR,0.0,ES,0.0,93.0,53.85,24.68,0,93,239
2013-04-27 00:00:00,2013,4,9673,master,4602779,0.0,45.0,1,MAR,0.0,ES,0.0,93.0,49.29,21.43,0,93,240
2013-04-29 00:00:00,2013,4,12616,co,4593989,0.5,4.9,0,MAR,14.0,PL,100.0,99.0,43.22,2.0,0,99,241
2013-04-29 00:00:00,2013,4,10257,fae,4593989,2.07,0.0,1,DIV,0.0,PL,0.0,90.0,49.36,4.52,0,90,242
2013-04-29 00:00:00,2013,4,609,ce,4593989,0.82,0.0,0,MAR,0.0,GB,0.0,101.0,67.25,21.93,0,101,243
2013-04-29 00:00:00,2013,4,1530,master,4593989,2.07,5.1,1,MAR,56.0,IN,0.0,125.0,43.55,13.69,0,125,244
2013-04-30 00:00:00,2013,4,8844,fae,4593341,7.15,3.0,0,MAR,5.25,IN,0.0,50.5,37.78,5.42,0,101,245
2013-04-30 00:00:00,2013,4,593,ce,4593341,7.63,0.0,0,MAR,7.0,GB,0.0,99.0,64.25,20.67,0,99,246
2013-04-30 00:00:00,2013,4,7392,co,4593341,2.33,9.8,0,SIN,0.0,HR,0.0,77.0,33.14,6.26,0,77,247
2013-04-30 00:00:00,2013,4,1278,master,4593341,6.34,10.2,1,MAR,31.5,HR,50.0,99.0,51.54,2.33,0,99,248
2013-05-05 00:00:00,2013,5,6038,master,4596171,4.95,2.3,0,MAR,28.42,ES,0.0,77.0,62.28,0.19,0,71,249
2013-05-05 00:00:00,2013,5,12069,ce,4596171,0.0,8.0,0,MAR,0.0,PL,50.0,47.0,54.85,2.59,0,94,250
2013-05-05 00:00:00,2013,5,5722,co,4596171,0.0,0.0,1,SIN,0.0,ES,90.0,47.0,36.82,10.49,0,94,251
2013-05-05 00:00:00,2013,5,8610,fae,4596171,0.0,6.0,0,MAR,0.0,ES,0.0,98.0,38.65,5.79,0,98,252
2013-05-07 00:00:00,2013,5,609,ce,4604821,0.89,5.2,0,MAR,0.0,GB,0.0,50.5,67.25,21.93,0,101,253
2013-05-07 00:00:00,2013,5,1530,master,4604821,1.25,5.15,1,MAR,56.0,IN,0.0,62.5,43.55,13.69,0,125,254
2013-05-07 00:00:00,2013,5,12616,co,4604821,1.02,4.85,0,MAR,14.0,PL,100.0,49.5,43.22,2.0,0,99,255
2013-05-07 00:00:00,2013,5,10257,fae,4604821,1.25,4.8,1,DIV,0.0,PL,0.0,45.0,49.36,4.52,0,90,256
2013-05-08 00:00:00,2013,5,7658,master,4597004,4.8,5.1,0,MAR,0.0,IN,0.0,108.0,36.9,14.26,0,108,257
2013-05-08 00:00:00,2013,5,8140,ce,4597004,0.95,0.0,0,MAR,20.3,IN,90.0,105.0,53.9,8.36,0,105,258
2013-05-08 00:00:00,2013,5,1536,co,4597004,8.56,4.9,0,MAR,17.5,HR,82.0,87.0,43.2,13.64,0,87,259
2013-05-08 00:00:00,2013,5,2430,fae,4597004,3.84,0.0,1,MAR,8.75,PH,0.0,108.0,58.74,18.22,0,108,260
2013-05-10 00:00:00,2013,5,1444,master,4605155,5.04,0.0,0,SIN,49.38,LV,0.0,73.5,35.03,15.92,0,98,261
2013-05-10 00:00:00,2013,5,4567,fae,4605155,3.4,9.8,0,WDW,22.71,RU,0.0,95.0,59.29,9.72,0,95,262
2013-05-10 00:00:00,2013,5,1483,co,4605155,2.86,0.0,0,MAR,27.25,LV,0.0,101.0,37.1,14.9,0,101,263
2013-05-10 00:00:00,2013,5,9623,ce,4605155,4.47,10.0,0,MAR,17.5,GB,0.0,110.0,59.07,5.03,0,110,264
2013-05-13 00:00:00,2013,5,12069,ce,4602859,0.0,8.0,0,MAR,0.0,PL,50.0,31.33,54.85,2.59,0,94,265
2013-05-13 00:00:00,2013,5,5722,co,4602859,0.0,10.8,1,SIN,0.0,ES,90.0,31.33,36.82,10.49,0,94,266
2013-05-13 00:00:00,2013,5,8610,fae,4602859,0.0,6.0,0,MAR,0.0,ES,0.0,49.0,38.65,5.79,0,98,267
2013-05-13 00:00:00,2013,5,6038,master,4602859,4.95,6.25,0,MAR,28.42,ES,0.0,51.33,62.28,0.19,0,71,268
2013-05-16 00:00:00,2013,5,1800,master,4602217,-1.07,0.0,1,SIN,17.5,IT,50.0,54.0,54.98,16.88,0,108,269
2013-05-16 00:00:00,2013,5,11158,co,4602217,1.2,0.0,0,MAR,2.19,HR,0.0,92.0,38.73,3.58,0,92,270
2013-05-16 00:00:00,2013,5,7404,fae,4602217,1.82,5.0,1,MAR,0.0,RU,70.0,115.0,43.52,0.56,0,115,271
2013-05-16 00:00:00,2013,5,7601,master,4621525,6.8,6.0,0,MAR,68.25,IN,0.0,105.0,35.54,5.89,0,105,272
2013-05-16 00:00:00,2013,5,48,ce,4602217,-0.86,9.2,1,MAR,21.88,PL,50.0,50.0,55.57,23.34,1,100,273
2013-05-16 00:00:00,2013,5,7757,fae,4621525,7.13,0.0,0,MAR,31.5,IN,68.0,70.5,34.76,6.24,0,141,274
2013-05-16 00:00:00,2013,5,1070,ce,4621525,3.94,0.0,0,MAR,23.62,PH,0.0,96.0,56.21,24.28,0,96,275
2013-05-16 00:00:00,2013,5,3100,co,4621525,7.19,3.25,1,MAR,18.38,IN,0.0,57.5,50.11,10.57,0,115,276
2013-05-18 00:00:00,2013,5,10257,fae,4613695,1.25,4.85,1,DIV,0.0,PL,0.0,30.0,49.36,4.52,0,90,277
2013-05-18 00:00:00,2013,5,609,ce,4613695,0.89,5.1,0,MAR,0.0,GB,0.0,33.67,67.25,21.93,0,101,278
2013-05-18 00:00:00,2013,5,1530,master,4613695,1.25,5.2,1,MAR,56.0,IN,0.0,41.67,43.55,13.69,0,125,279
2013-05-18 00:00:00,2013,5,12616,co,4613695,1.02,4.85,0,MAR,14.0,PL,100.0,33.0,43.22,2.0,0,99,280
2013-05-19 00:00:00,2013,5,8611,ce,4604347,7.75,2.5,0,SIN,27.83,IN,0.0,133.0,34.26,5.66,0,133,281
2013-05-19 00:00:00,2013,5,1742,master,4604347,8.68,0.0,0,MAR,37.62,IT,50.0,119.0,57.34,10.96,0,119,282
2013-05-19 00:00:00,2013,5,952,co,4604347,7.75,0.0,0,MAR,28.29,PH,70.0,133.0,53.87,22.03,1,133,283
2013-05-19 00:00:00,2013,5,104,fae,4604347,9.25,2.5,0,MAR,0.0,PL,0.0,85.0,55.61,-0.71,0,85,284
2013-05-24 00:00:00,2013,5,5325,co,4610781,0.0,0.0,0,MAR,0.0,RU,88.0,115.0,31.52,9.21,0,115,285
2013-05-24 00:00:00,2013,5,10620,ce,4610781,0.0,1.6,1,MAR,0.0,IN,0.0,145.0,42.06,4.17,0,145,286
2013-05-24 00:00:00,2013,5,11741,master,4610781,0.0,1.6,0,MAR,0.0,IN,0.0,84.0,39.67,3.01,0,84,287
2013-05-24 00:00:00,2013,5,12078,fae,4610781,0.0,0.0,1,MAR,0.0,RU,73.0,115.0,35.16,2.77,0,115,288
2013-05-27 00:00:00,2013,5,952,co,4609895,7.75,0.0,0,MAR,28.29,PH,70.0,66.5,53.87,22.03,1,133,289
2013-05-27 00:00:00,2013,5,104,fae,4609895,9.25,2.5,0,MAR,0.0,PL,0.0,42.5,55.61,-0.71,0,85,290
2013-05-27 00:00:00,2013,5,8611,ce,4609895,7.75,2.5,0,SIN,27.83,IN,0.0,66.5,34.26,5.66,0,133,291
2013-05-27 00:00:00,2013,5,1742,master,4609895,8.68,0.0,0,MAR,37.62,IT,50.0,59.5,57.34,10.96,0,119,292
2013-06-03 00:00:00,2013,6,10822,master,4627557,0.0,0.0,0,MAR,0.0,IN,0.0,108.0,49.34,3.9,0,108,293
2013-06-03 00:00:00,2013,6,1854,ce,4627557,0.0,5.0,1,MAR,0.0,IN,0.0,92.0,38.03,13.76,0,92,294
2013-06-03 00:00:00,2013,6,7271,co,4627557,0.0,0.0,0,MAR,0.0,HR,0.0,88.0,31.21,6.48,0,88,295
2013-06-03 00:00:00,2013,6,502,fae,4627557,4.72,4.9,0,MAR,17.5,HR,0.0,119.0,58.21,21.19,0,119,296
2013-06-04 00:00:00,2013,6,9613,ce,4632279,19.8,13.4,0,,0.0,RU,0.0,204.0,61.95,5.35,0,204,297
2013-06-04 00:00:00,2013,6,8213,ce,4628391,0.0,0.0,0,MAR,0.0,IN,50.0,129.0,46.6,8.13,0,129,298
2013-06-04 00:00:00,2013,6,2430,fae,4614993,3.45,0.0,1,MAR,8.75,PH,0.0,54.0,58.74,18.22,0,108,299
2013-06-04 00:00:00,2013,6,6662,co,4628391,0.25,4.0,1,SIN,0.0,IN,80.0,126.0,34.16,6.64,0,126,300
2013-06-04 00:00:00,2013,6,1768,co,4632279,12.73,0.0,0,MAR,3.5,IN,51.0,99.0,39.51,21.64,0,99,301
2013-06-04 00:00:00,2013,6,11835,master,4628391,0.0,6.0,0,MAR,0.0,IN,50.0,52.0,43.19,2.94,0,52,302
2013-06-04 00:00:00,2013,6,14,master,4632279,20.38,0.0,0,,37.33,NO,0.0,123.0,51.39,23.05,0,123,303
2013-06-04 00:00:00,2013,6,7658,master,4614993,4.18,3.85,0,MAR,0.0,IN,0.0,54.0,36.9,14.26,0,108,304
2013-06-04 00:00:00,2013,6,7620,fae,4632279,18.57,6.0,0,MAR,0.0,IN,0.0,60.0,60.21,5.91,0,60,305
2013-06-04 00:00:00,2013,6,14180,fae,4628391,0.0,0.0,0,MAR,0.0,IN,0.0,46.0,47.04,0.13,0,46,306
2013-06-04 00:00:00,2013,6,8140,ce,4614993,0.93,0.0,0,MAR,20.3,IN,90.0,52.5,53.9,8.36,0,105,307
2013-06-04 00:00:00,2013,6,1536,co,4614993,7.07,3.7,0,MAR,17.5,HR,82.0,43.5,43.2,13.64,0,87,308
2013-06-07 00:00:00,2013,6,9402,master,4616687,-9.31,38.35,1,MAR,21.88,RU,70.0,52.0,50.89,-3.17,0,104,309
2013-06-07 00:00:00,2013,6,5391,co,4616687,-13.71,36.75,1,SIN,0.0,RU,58.0,107.0,30.8,8.94,0,107,310
2013-06-07 00:00:00,2013,6,10548,fae,4616687,2.31,0.0,0,MAR,0.0,RU,0.0,100.0,42.01,0.83,0,100,311
2013-06-07 00:00:00,2013,6,2139,ce,4616687,-13.71,0.0,1,MAR,26.25,PH,0.0,138.0,46.7,15.96,0,138,312
2013-06-08 00:00:00,2013,6,11704,co,4616663,0.0,0.0,1,MAR,0.0,HR,80.0,104.0,41.26,3.18,0,104,313
2013-06-08 00:00:00,2013,6,5340,fae,4616663,0.0,4.0,1,SIN,0.0,RU,70.0,126.0,29.71,9.16,0,126,314
2013-06-08 00:00:00,2013,6,8488,ce,4616663,0.0,5.0,0,MAR,0.0,IN,50.0,104.0,41.62,-1.74,1,104,315
2013-06-08 00:00:00,2013,6,1447,master,4616663,0.0,0.0,0,MAR,0.0,IN,0.0,90.0,56.39,15.91,0,90,316
2013-06-10 00:00:00,2013,6,2317,co,4628985,2.32,4.8,0,MAR,0.0,PH,0.0,107.0,40.41,19.9,0,107,317
2013-06-10 00:00:00,2013,6,8722,ce,4628985,2.28,5.2,0,MAR,5.25,IN,0.0,47.5,42.17,5.63,0,95,318
2013-06-10 00:00:00,2013,6,11019,fae,4628985,-0.08,4.8,1,MAR,0.0,IN,0.0,102.0,36.52,3.84,0,102,319
2013-06-10 00:00:00,2013,6,29,master,4628985,-0.08,5.2,1,SIN,42.0,NO,0.0,121.0,51.59,29.36,0,121,320
2013-06-12 00:00:00,2013,6,7301,co,4619325,0.0,0.0,0,MAR,0.0,RU,75.0,60.5,33.67,6.32,0,121,321
2013-06-12 00:00:00,2013,6,845,ce,4619325,0.0,5.5,0,MAR,0.0,HR,0.0,48.0,53.95,22.69,0,96,322
2013-06-12 00:00:00,2013,6,862,master,4619325,0.0,0.0,0,MAR,0.0,HR,0.0,108.0,63.31,21.63,0,108,323
2013-06-12 00:00:00,2013,6,12217,fae,4619325,0.0,3.0,0,MAR,0.0,PL,56.0,108.0,32.94,2.49,0,108,324
2013-06-14 00:00:00,2013,6,29,master,4628987,-0.08,7.6,1,SIN,42.0,NO,0.0,60.5,51.59,29.36,0,121,325
2013-06-14 00:00:00,2013,6,2317,co,4628987,2.32,3.4,0,MAR,0.0,PH,0.0,53.5,40.41,19.9,0,107,326
2013-06-14 00:00:00,2013,6,8722,ce,4628987,2.28,5.6,0,MAR,5.25,IN,0.0,31.67,42.17,5.63,0,95,327
2013-06-14 00:00:00,2013,6,11019,fae,4628987,-0.08,3.4,1,MAR,0.0,IN,0.0,51.0,36.52,3.84,0,102,328
2013-06-17 00:00:00,2013,6,98,master,4622727,4.81,0.0,0,MAR,0.0,PL,50.0,151.0,48.71,-3.4,0,151,329
2013-06-17 00:00:00,2013,6,1450,ce,4622727,1.63,2.5,0,MAR,11.93,LV,50.0,93.0,38.09,15.88,0,93,330
2013-06-17 00:00:00,2013,6,12334,fae,4622727,3.37,2.5,0,MAR,0.0,IN,58.0,87.0,36.97,2.55,0,87,331
2013-06-17 00:00:00,2013,6,7818,co,4622727,2.42,0.0,1,MAR,13.12,IN,84.0,113.0,33.47,15.4,0,113,332
2013-06-18 00:00:00,2013,6,12841,fae,4623858,-8.11,6.0,1,MAR,15.31,IN,100.0,113.0,39.66,1.96,0,113,333
2013-06-18 00:00:00,2013,6,1690,master,4623858,-7.87,2.0,0,MAR,29.31,IN,0.0,111.0,44.84,11.49,0,111,334
2013-06-18 00:00:00,2013,6,1711,ce,4623858,5.12,12.0,1,MAR,0.0,IN,0.0,99.0,45.36,11.37,0,99,335
2013-06-18 00:00:00,2013,6,8487,co,4623858,4.4,0.0,0,MAR,22.75,IN,52.0,99.0,35.47,5.12,0,99,336
2013-06-19 00:00:00,2013,6,1477,master,4637633,0.0,0.0,0,MAR,0.0,LV,0.0,84.0,36.52,14.95,0,84,337
2013-06-19 00:00:00,2013,6,377,fae,4637633,0.0,2.5,1,MAR,0.0,PH,0.0,108.0,62.56,20.65,0,108,338
2013-06-19 00:00:00,2013,6,4618,ce,4637633,0.0,2.5,0,MAR,0.0,RU,0.0,90.0,48.21,9.83,0,90,339
2013-06-19 00:00:00,2013,6,1201,co,4637633,0.0,0.0,0,MAR,0.0,HR,0.0,100.0,62.55,22.73,0,100,340
2013-06-20 00:00:00,2013,6,5418,co,4624376,0.0,0.0,0,MAR,0.0,RU,85.0,114.0,32.61,9.09,0,114,341
2013-06-20 00:00:00,2013,6,3050,ce,4624376,0.0,5.0,0,MAR,0.0,RU,90.0,102.0,43.61,11.05,0,102,342
2013-06-20 00:00:00,2013,6,5377,fae,4624376,0.0,5.0,0,MAR,0.0,IN,56.0,105.0,34.84,9.05,0,105,343
2013-06-20 00:00:00,2013,6,7919,master,4624376,0.0,0.0,0,MAR,0.0,IN,0.0,97.0,55.83,8.7,0,97,344
2013-06-23 00:00:00,2013,6,2317,co,4627311,2.32,3.4,0,MAR,0.0,PH,0.0,35.67,40.41,19.9,0,107,345
2013-06-23 00:00:00,2013,6,8722,ce,4627311,2.28,16.23,0,MAR,5.25,IN,0.0,23.75,42.17,5.63,0,95,346
2013-06-23 00:00:00,2013,6,11019,fae,4627311,-0.08,12.27,1,MAR,0.0,IN,0.0,34.0,36.52,3.84,0,102,347
2013-06-23 00:00:00,2013,6,29,master,4627311,-0.08,7.57,1,SIN,42.0,NO,0.0,40.33,51.59,29.36,0,121,348
2013-06-26 00:00:00,2013,6,5828,fae,4629441,5.14,3.0,0,SIN,0.0,ES,0.0,84.0,32.85,7.27,1,84,349
2013-06-26 00:00:00,2013,6,5783,master,4629441,0.55,5.5,1,MAR,0.0,ES,0.0,33.5,59.76,17.07,0,84,350
2013-06-26 00:00:00,2013,6,5945,co,4629441,8.48,0.0,0,SIN,15.75,ES,0.0,82.0,40.96,6.6,1,82,351
2013-06-26 00:00:00,2013,6,5854,ce,4629441,4.09,8.93,1,MAR,15.97,ES,0.0,52.0,43.38,13.73,0,68,352
2013-06-27 00:00:00,2013,6,14180,fae,4631867,0.0,4.0,0,MAR,0.0,IN,0.0,23.0,47.04,0.13,0,46,353
2013-06-27 00:00:00,2013,6,8213,ce,4631867,0.0,5.0,0,MAR,0.0,IN,50.0,64.5,46.6,8.13,0,129,354
2013-06-27 00:00:00,2013,6,6662,co,4631867,0.25,4.0,1,SIN,0.0,IN,80.0,63.0,34.16,6.64,0,126,355
2013-06-27 00:00:00,2013,6,11835,master,4631867,0.0,7.0,0,MAR,0.0,IN,50.0,26.0,43.19,2.94,0,52,356
2013-06-28 00:00:00,2013,6,7457,co,4633885,5.81,26.13,1,SIN,26.78,IN,77.0,71.0,35.67,6.38,0,127,357
2013-06-28 00:00:00,2013,6,1536,co,4632015,7.07,3.7,0,MAR,17.5,HR,82.0,29.0,43.2,13.64,0,87,358
2013-06-28 00:00:00,2013,6,2430,fae,4632015,3.45,5.0,1,MAR,8.75,PH,0.0,36.0,58.74,18.22,0,108,359
2013-06-28 00:00:00,2013,6,8675,fae,4633885,0.72,0.0,1,MAR,22.5,IN,0.0,78.5,34.77,10.02,0,157,360
2013-06-28 00:00:00,2013,6,9404,master,4633885,4.38,21.67,1,MAR,72.3,IN,0.0,92.5,48.07,5.41,0,108,361
2013-06-28 00:00:00,2013,6,1765,ce,4633885,8.7,0.0,1,MAR,23.75,IN,0.0,100.5,57.12,24.21,0,102,362
2013-06-28 00:00:00,2013,6,9522,ce,4632015,4.83,3.75,1,MAR,8.75,IN,0.0,128.5,56.34,5.31,0,98,363
2013-06-28 00:00:00,2013,6,7658,master,4632015,4.18,3.95,0,MAR,0.0,IN,0.0,36.0,36.9,14.26,0,108,364
2013-06-29 00:00:00,2013,6,7591,fae,4634115,3.96,5.0,0,MAR,2.62,GE,72.0,119.0,27.93,6.09,0,119,365
2013-06-29 00:00:00,2013,6,7197,co,4634115,1.1,0.0,0,MAR,0.0,RU,81.0,101.0,30.81,6.56,0,101,366
2013-06-29 00:00:00,2013,6,1454,fae,4634413,0.0,2.25,0,SIN,0.0,GB,58.0,101.0,59.32,15.93,0,103,367
2013-06-29 00:00:00,2013,6,1722,master,4634413,0.0,8.1,0,MAR,0.0,IT,50.0,108.0,57.43,11.38,0,114,368
2013-06-29 00:00:00,2013,6,276,co,4634413,0.48,0.0,0,MAR,21.0,PL,70.0,103.0,40.02,11.8,0,103,369
2013-06-29 00:00:00,2013,6,3052,ce,4634413,0.0,2.5,1,MAR,0.0,GE,55.0,87.0,37.64,10.81,0,87,370
2013-06-29 00:00:00,2013,6,724,master,4634115,3.77,0.0,0,MAR,0.0,CA,0.0,94.0,53.62,19.28,0,94,371
2013-06-29 00:00:00,2013,6,10845,ce,4634115,1.55,5.0,0,MAR,0.0,IN,90.0,93.5,48.16,4.06,0,93,372
2013-07-01 00:00:00,2013,7,7435,ce,4633401,11.59,0.0,1,MAR,7.58,HR,0.0,130.0,44.24,6.44,0,130,373
2013-07-01 00:00:00,2013,7,12299,fae,4634739,5.13,5.0,0,MAR,31.5,RO,85.0,99.5,39.34,-2.75,0,88,374
2013-07-01 00:00:00,2013,7,1530,master,4633401,12.15,18.47,1,MAR,19.54,IN,0.0,31.25,43.55,13.69,0,125,375
2013-07-01 00:00:00,2013,7,9623,ce,4634739,4.12,10.0,0,MAR,23.33,GB,0.0,55.0,59.07,5.03,0,110,376
2013-07-01 00:00:00,2013,7,12616,co,4633401,12.6,13.23,0,MAR,7.0,PL,100.0,24.75,43.22,2.0,0,99,377
2013-07-01 00:00:00,2013,7,10257,fae,4633401,13.44,4.85,1,DIV,0.0,PL,0.0,22.5,49.36,4.52,0,90,378
2013-07-01 00:00:00,2013,7,91,master,4634739,6.42,5.3,0,MAR,35.0,NO,0.0,86.0,63.14,26.4,0,73,379
2013-07-01 00:00:00,2013,7,1542,co,4634739,3.87,4.9,0,MAR,0.0,IN,80.0,102.0,36.2,13.61,0,102,380
2013-07-02 00:00:00,2013,7,455,ce,4633371,0.0,0.0,0,MAR,0.0,HR,76.0,123.0,55.17,22.67,0,123,381
2013-07-02 00:00:00,2013,7,10548,fae,4638427,1.03,5.0,0,MAR,0.0,RU,0.0,50.0,42.01,0.83,0,100,382
2013-07-02 00:00:00,2013,7,2139,ce,4638427,-9.69,5.0,1,MAR,26.25,PH,0.0,69.0,46.7,15.96,0,138,383
2013-07-02 00:00:00,2013,7,8012,master,4633371,0.0,24.22,1,MAR,0.0,IN,0.0,108.5,39.32,16.41,0,97,384
2013-07-02 00:00:00,2013,7,321,co,4633371,9.35,9.8,0,MAR,3.5,SE,0.0,98.0,44.27,11.26,0,98,385
2013-07-02 00:00:00,2013,7,1834,fae,4633371,0.0,0.0,1,MAR,0.0,IN,58.0,111.5,41.86,-2.3,0,100,386
2013-07-02 00:00:00,2013,7,1762,master,4638427,-2.55,0.0,0,MAR,0.0,IN,0.0,101.0,53.06,25.26,0,101,387
2013-07-02 00:00:00,2013,7,5391,co,4638427,-9.69,36.75,1,SIN,0.0,RU,58.0,53.5,30.8,8.94,0,107,388
2013-07-03 00:00:00,2013,7,7345,co,4634357,0.0,4.0,0,MAR,0.0,GE,80.0,122.0,36.9,6.43,0,122,389
2013-07-03 00:00:00,2013,7,2316,fae,4634357,0.0,0.0,0,MAR,0.0,PH,0.0,112.0,37.12,19.1,0,112,390
2013-07-03 00:00:00,2013,7,7727,co,4633373,3.15,0.0,0,SIN,0.0,IN,55.0,105.0,27.6,11.07,0,105,391
2013-07-03 00:00:00,2013,7,10796,master,4633373,5.88,2.7,0,MAR,52.5,IN,50.0,115.0,53.55,3.97,0,113,392
2013-07-03 00:00:00,2013,7,510,ce,4634357,0.0,0.0,0,MAR,0.0,HR,0.0,84.0,62.77,3.75,0,84,393
2013-07-03 00:00:00,2013,7,7815,ce,4633373,4.89,5.83,0,MAR,16.25,IN,0.0,49.5,40.62,14.18,0,89,394
2013-07-03 00:00:00,2013,7,10621,fae,4633373,5.46,2.5,0,SIN,26.25,RU,60.0,89.0,35.45,4.21,0,89,395
2013-07-03 00:00:00,2013,7,368,master,4634357,0.0,6.0,0,MAR,0.0,HR,0.0,98.0,61.4,24.13,0,98,396
2013-07-04 00:00:00,2013,7,12162,master,4652488,0.0,0.0,0,MAR,0.0,IN,0.0,135.0,41.45,2.76,0,135,397
2013-07-04 00:00:00,2013,7,7541,co,4652488,0.0,0.0,0,MAR,0.0,RU,100.0,89.0,40.56,6.2,0,89,398
2013-07-04 00:00:00,2013,7,10607,ce,4652488,0.0,5.0,1,MAR,0.0,IN,20.0,84.5,43.09,4.33,0,76,399
2013-07-04 00:00:00,2013,7,1454,fae,4634415,0.0,2.33,0,SIN,0.0,GB,58.0,67.33,59.32,15.93,0,103,400
2013-07-04 00:00:00,2013,7,10615,fae,4652488,0.0,4.0,0,,0.0,RU,0.0,89.0,31.97,4.24,0,89,401
2013-07-04 00:00:00,2013,7,1722,master,4634415,0.0,8.2,0,MAR,0.0,IT,50.0,72.0,57.43,11.38,0,114,402
2013-07-04 00:00:00,2013,7,276,co,4634415,0.48,0.0,0,MAR,21.0,PL,70.0,51.5,40.02,11.8,0,103,403
2013-07-04 00:00:00,2013,7,3052,ce,4634415,0.0,2.5,1,MAR,0.0,GE,55.0,43.5,37.64,10.81,0,87,404
2013-07-05 00:00:00,2013,7,7983,master,4636985,5.04,20.15,0,MAR,39.06,IN,0.0,63.67,52.13,9.34,0,112,405
2013-07-05 00:00:00,2013,7,5392,co,4636985,4.95,8.65,1,MAR,31.25,RU,73.0,66.67,31.41,8.97,0,105,406
2013-07-05 00:00:00,2013,7,1413,ce,4636985,5.15,16.25,0,MAR,43.47,HR,40.0,72.67,55.37,16.57,0,122,407
2013-07-05 00:00:00,2013,7,9456,fae,4636985,4.78,5.0,0,MAR,31.25,PK,90.0,61.67,32.46,5.27,0,94,408
2013-07-06 00:00:00,2013,7,0,fae,4638175,0.0,22.5,0,,0.0,,0.0,0.0,,,,,409
2013-07-06 00:00:00,2013,7,1762,master,4637853,-2.55,10.4,0,MAR,0.0,IN,0.0,50.5,53.06,25.26,0,101,410
2013-07-06 00:00:00,2013,7,5391,co,4637853,-9.69,23.28,1,SIN,0.0,RU,58.0,35.67,30.8,8.94,0,107,411
2013-07-06 00:00:00,2013,7,0,co,4638175,0.0,0.0,0,,0.0,,0.0,0.0,,,,,412
2013-07-06 00:00:00,2013,7,1792,ce,4634373,8.44,5.0,0,MAR,6.55,IT,0.0,122.0,54.14,32.81,0,122,413
2013-07-06 00:00:00,2013,7,10548,fae,4637853,1.03,5.0,0,MAR,0.0,RU,0.0,33.33,42.01,0.83,0,100,414
2013-07-06 00:00:00,2013,7,0,master,4638175,0.0,0.0,0,,0.0,,0.0,0.0,,,,,415
2013-07-06 00:00:00,2013,7,0,ce,4638175,0.0,22.5,0,,0.0,,0.0,0.0,,,,,416
2013-07-06 00:00:00,2013,7,2139,ce,4637853,-9.69,5.0,1,MAR,26.25,PH,0.0,46.0,46.7,15.96,0,138,417
2013-07-06 00:00:00,2013,7,117,master,4634373,8.21,0.0,0,MAR,0.0,NO,0.0,109.0,60.1,18.03,0,109,418
2013-07-06 00:00:00,2013,7,1518,fae,4634373,2.25,5.0,1,SIN,26.25,LV,68.0,148.0,34.79,14.26,0,148,419
2013-07-06 00:00:00,2013,7,7821,co,4634373,1.58,0.0,1,MAR,8.75,IN,80.0,156.0,35.4,13.85,0,156,420
2013-07-12 00:00:00,2013,7,9522,ce,4639057,4.76,3.75,1,MAR,4.38,IN,0.0,85.67,56.34,5.31,0,98,421
2013-07-12 00:00:00,2013,7,7658,master,4639057,4.16,6.03,0,MAR,0.0,IN,0.0,27.0,36.9,14.26,0,108,422
2013-07-12 00:00:00,2013,7,1536,co,4639057,6.49,5.73,0,MAR,8.75,HR,82.0,21.75,43.2,13.64,0,87,423
2013-07-12 00:00:00,2013,7,2430,fae,4639057,3.55,5.0,1,MAR,4.38,PH,0.0,27.0,58.74,18.22,0,108,424
2013-07-14 00:00:00,2013,7,9172,fae,4640557,0.0,11.5,1,,0.0,ES,0.0,76.67,38.35,2.57,0,94,425
2013-07-14 00:00:00,2013,7,7709,co,4640557,0.0,9.5,1,MAR,0.0,IN,90.0,77.33,34.45,11.03,0,124,426
2013-07-14 00:00:00,2013,7,10788,master,4640557,0.0,10.17,1,MAR,0.0,IN,0.0,74.0,39.42,4.09,0,123,427
2013-07-14 00:00:00,2013,7,11757,ce,4640557,0.0,10.0,1,,0.0,HR,0.0,130.0,52.23,3.23,0,130,428
2013-07-16 00:00:00,2013,7,5020,fae,4652620,0.0,8.0,0,MAR,0.0,RU,0.0,78.0,46.94,10.54,0,78,429
2013-07-16 00:00:00,2013,7,4618,ce,4652620,0.0,6.25,0,MAR,0.0,RU,0.0,45.0,48.21,9.83,0,90,430
2013-07-16 00:00:00,2013,7,1201,co,4652620,0.0,0.0,0,MAR,0.0,HR,0.0,50.0,62.55,22.73,0,100,431
2013-07-16 00:00:00,2013,7,8098,master,4652620,0.0,2.0,0,MAR,0.0,IN,0.0,94.0,64.18,8.82,0,94,432
2013-07-18 00:00:00,2013,7,0,master,4643350,0.0,6.9,0,,0.0,,0.0,0.0,,,,,433
2013-07-18 00:00:00,2013,7,0,ce,4643350,0.0,22.5,0,,0.0,,0.0,0.0,,,,,434
2013-07-18 00:00:00,2013,7,0,fae,4643350,0.0,22.5,0,,0.0,,0.0,0.0,,,,,435
2013-07-18 00:00:00,2013,7,0,co,4643350,0.0,4.0,0,,0.0,,0.0,0.0,,,,,436
2013-07-20 00:00:00,2013,7,10796,master,4645206,5.88,2.65,0,MAR,52.5,IN,50.0,76.67,53.55,3.97,0,113,437
2013-07-20 00:00:00,2013,7,7815,ce,4645206,4.89,5.83,0,MAR,16.25,IN,0.0,39.6,40.62,14.18,0,89,438
2013-07-20 00:00:00,2013,7,10621,fae,4645206,5.46,2.5,0,SIN,26.25,RU,60.0,44.5,35.45,4.21,0,89,439
2013-07-20 00:00:00,2013,7,7727,co,4645206,3.15,2.5,0,SIN,0.0,IN,55.0,52.5,27.6,11.07,0,105,440
2013-07-23 00:00:00,2013,7,654,master,4646904,0.88,0.0,0,MAR,42.58,IN,0.0,134.0,57.48,19.67,0,134,441
2013-07-23 00:00:00,2013,7,7727,co,4647660,3.15,3.25,0,SIN,0.0,IN,55.0,35.0,27.6,11.07,0,105,442
2013-07-23 00:00:00,2013,7,7679,ce,4646904,1.63,5.0,0,MAR,46.67,IN,50.0,90.0,51.67,11.19,0,90,443
2013-07-23 00:00:00,2013,7,8494,ce,4647752,0.0,5.0,0,MAR,0.0,IN,0.0,72.0,37.27,6.08,0,72,444
2013-07-23 00:00:00,2013,7,8603,fae,4646904,2.12,5.0,0,MAR,8.17,RU,0.0,107.0,32.58,5.77,0,107,445
2013-07-23 00:00:00,2013,7,10796,master,4647660,5.88,3.77,0,MAR,52.5,IN,50.0,57.5,53.55,3.97,0,113,446
2013-07-23 00:00:00,2013,7,5020,fae,4647752,0.0,6.5,0,MAR,0.0,RU,0.0,39.0,46.94,10.54,0,78,447
2013-07-23 00:00:00,2013,7,7815,ce,4647660,4.89,5.83,0,MAR,16.25,IN,0.0,33.0,40.62,14.18,0,89,448
2013-07-23 00:00:00,2013,7,10621,fae,4647660,5.46,2.5,0,SIN,26.25,RU,60.0,29.67,35.45,4.21,0,89,449
2013-07-23 00:00:00,2013,7,1201,co,4647752,0.0,0.0,0,MAR,0.0,HR,0.0,33.33,62.55,22.73,0,100,450
2013-07-23 00:00:00,2013,7,8098,master,4647752,0.0,2.2,0,MAR,0.0,IN,0.0,47.0,64.18,8.82,0,94,451
2013-07-23 00:00:00,2013,7,5393,co,4646904,1.96,36.75,1,SIN,42.0,RU,83.0,74.0,32.16,8.9,0,148,452
2013-07-27 00:00:00,2013,7,9404,master,4651950,3.62,21.97,1,MAR,72.3,IN,0.0,61.67,48.07,5.41,0,108,453
2013-07-27 00:00:00,2013,7,10607,ce,4652486,0.0,5.0,1,MAR,0.0,IN,20.0,56.33,43.09,4.33,0,76,454
2013-07-27 00:00:00,2013,7,10615,fae,4652486,0.0,4.0,0,,0.0,RU,0.0,44.5,31.97,4.24,0,89,455
2013-07-27 00:00:00,2013,7,1765,ce,4651950,7.55,13.4,1,MAR,23.75,IN,0.0,67.0,57.12,24.21,0,102,456
2013-07-27 00:00:00,2013,7,7457,co,4651950,4.82,26.13,1,SIN,26.78,IN,77.0,53.25,35.67,6.38,0,127,457
2013-07-27 00:00:00,2013,7,12162,master,4652486,0.0,0.0,0,MAR,0.0,IN,0.0,67.5,41.45,2.76,0,135,458
2013-07-27 00:00:00,2013,7,7813,fae,4651950,7.41,6.0,0,MAR,8.75,IN,77.0,100.0,36.47,6.4,0,122,459
2013-07-27 00:00:00,2013,7,7541,co,4652486,0.0,0.0,0,MAR,0.0,RU,100.0,44.5,40.56,6.2,0,89,460
2013-07-31 00:00:00,2013,7,8824,ce,4654046,7.08,13.1,1,MAR,13.12,IN,0.0,100.5,43.45,5.92,0,105,461
2013-07-31 00:00:00,2013,7,830,master,4654046,7.4,19.8,1,MAR,13.12,IN,0.0,105.0,52.83,20.45,0,105,462
2013-07-31 00:00:00,2013,7,11836,fae,4654046,6.59,18.0,1,MAR,26.25,RO,0.0,113.0,37.16,3.1,0,113,463
2013-07-31 00:00:00,2013,7,2633,co,4654046,11.56,18.0,0,MAR,17.25,PH,76.0,111.0,43.56,24.39,0,111,464
2013-08-02 00:00:00,2013,8,0,co,4656868,0.0,4.0,0,,0.0,,0.0,0.0,,,,,465
2013-08-02 00:00:00,2013,8,0,master,4656868,0.0,7.0,0,,0.0,,0.0,0.0,,,,,466
2013-08-02 00:00:00,2013,8,0,ce,4656868,0.0,12.5,0,,0.0,,0.0,0.0,,,,,467
2013-08-02 00:00:00,2013,8,0,fae,4656868,0.0,12.5,0,,0.0,,0.0,0.0,,,,,468
2013-08-07 00:00:00,2013,8,8069,fae,4655592,7.87,0.0,0,MAR,11.57,IN,100.0,119.0,35.01,11.04,0,119,469
2013-08-07 00:00:00,2013,8,6029,ce,4655880,0.0,0.0,1,MAR,0.0,ES,0.0,97.0,54.35,25.2,0,101,470
2013-08-07 00:00:00,2013,8,9673,master,4655880,0.0,25.05,1,MAR,0.0,ES,0.0,97.0,49.79,21.95,0,101,471
2013-08-07 00:00:00,2013,8,1785,master,4655592,7.05,10.2,0,MAR,29.07,IT,0.0,116.0,47.4,18.51,0,116,472
2013-08-07 00:00:00,2013,8,1527,ce,4655592,7.0,0.0,0,MAR,8.75,IN,0.0,76.0,51.26,13.75,0,76,473
2013-08-07 00:00:00,2013,8,5699,co,4655880,0.0,4.9,1,MAR,0.0,ES,85.0,86.0,49.09,15.21,0,86,474
2013-08-07 00:00:00,2013,8,5785,fae,4655880,0.0,0.0,1,SIN,0.0,ES,0.0,101.0,36.72,10.17,0,101,475
2013-08-07 00:00:00,2013,8,3081,co,4655592,8.08,9.8,0,SIN,13.57,HR,0.0,139.0,34.2,10.97,0,139,476
2013-08-09 00:00:00,2013,8,3232,co,4657742,-2.08,9.8,0,MAR,32.41,IN,0.0,131.0,38.2,11.05,0,135,477
2013-08-09 00:00:00,2013,8,2139,ce,4657742,-6.65,5.0,1,MAR,37.19,PH,0.0,34.5,46.7,15.96,0,138,478
2013-08-09 00:00:00,2013,8,1762,master,4657742,-0.74,10.3,0,MAR,68.83,IN,0.0,33.67,53.06,25.26,0,101,479
2013-08-09 00:00:00,2013,8,7915,fae,4657742,1.23,0.0,0,MAR,49.0,IN,0.0,66.5,39.39,8.74,0,40,480
2013-08-12 00:00:00,2013,8,11757,ce,4659446,0.0,27.5,1,,0.0,HR,0.0,65.0,52.23,3.23,0,130,481
2013-08-12 00:00:00,2013,8,7709,co,4659448,0.0,9.6,1,MAR,0.0,IN,90.0,58.0,34.45,11.03,0,124,482
2013-08-12 00:00:00,2013,8,12334,fae,4659088,4.5,3.75,0,MAR,0.0,IN,58.0,43.5,36.97,2.55,0,87,483
2013-08-12 00:00:00,2013,8,7388,co,4659088,4.74,0.0,1,MAR,14.0,RU,80.0,110.0,36.38,6.52,0,110,484
2013-08-12 00:00:00,2013,8,9271,ce,4659088,4.8,5.0,1,MAR,17.5,RU,50.0,87.0,43.97,5.42,0,87,485
2013-08-12 00:00:00,2013,8,10788,master,4659448,0.0,9.94,1,MAR,0.0,IN,0.0,55.5,39.42,4.09,0,123,486
2013-08-12 00:00:00,2013,8,11757,ce,4659448,0.0,27.5,1,,0.0,HR,0.0,65.0,52.23,3.23,0,130,487
2013-08-12 00:00:00,2013,8,9172,fae,4659446,0.0,19.67,1,,0.0,ES,0.0,57.5,38.35,2.57,0,94,488
2013-08-12 00:00:00,2013,8,7709,co,4659446,0.0,9.5,1,MAR,0.0,IN,90.0,58.0,34.45,11.03,0,124,489
2013-08-12 00:00:00,2013,8,98,master,4659088,4.77,0.0,0,MAR,0.0,PL,50.0,75.5,48.71,-3.4,0,151,490
2013-08-12 00:00:00,2013,8,10788,master,4659446,0.0,9.88,1,MAR,0.0,IN,0.0,55.5,39.42,4.09,0,123,491
2013-08-12 00:00:00,2013,8,9172,fae,4659448,0.0,19.67,1,,0.0,ES,0.0,57.5,38.35,2.57,0,94,492
2013-08-13 00:00:00,2013,8,7815,ce,4665112,5.07,5.83,0,MAR,29.79,IN,0.0,28.29,40.62,14.18,0,89,493
2013-08-13 00:00:00,2013,8,10545,fae,4665112,7.83,0.0,0,MAR,7.0,RU,56.0,98.5,30.44,4.56,0,114,494
2013-08-13 00:00:00,2013,8,7727,co,4665112,4.24,3.8,0,SIN,56.88,IN,55.0,26.25,27.6,11.07,0,105,495
2013-08-13 00:00:00,2013,8,10796,master,4665112,5.91,4.1,0,MAR,54.69,IN,50.0,46.0,53.55,3.97,0,113,496
2013-08-15 00:00:00,2013,8,2633,co,4662346,9.98,18.0,0,MAR,14.38,PH,76.0,55.5,43.56,24.39,0,111,497
2013-08-15 00:00:00,2013,8,8824,ce,4662346,6.8,12.73,1,MAR,8.75,IN,0.0,67.0,43.45,5.92,0,105,498
2013-08-15 00:00:00,2013,8,830,master,4662346,7.11,10.9,1,MAR,8.75,IN,0.0,70.0,52.83,20.45,0,105,499
2013-08-15 00:00:00,2013,8,11836,fae,4662346,6.13,12.0,1,MAR,19.69,RO,0.0,56.5,37.16,3.1,0,113,500
2013-08-17 00:00:00,2013,8,12683,master,4662370,0.0,27.0,0,MAR,0.0,IN,50.0,71.0,44.92,2.33,0,100,501
2013-08-17 00:00:00,2013,8,7204,co,4662370,0.1,0.0,0,MAR,19.25,HR,41.0,93.0,48.48,-3.15,1,100,502
2013-08-17 00:00:00,2013,8,10411,fae,4662370,0.0,4.0,0,MAR,0.0,IN,35.0,118.0,37.42,4.77,0,118,503
2013-08-17 00:00:00,2013,8,1835,ce,4662370,0.0,7.5,0,MAR,0.0,IN,50.0,70.0,46.19,14.71,0,115,504
2013-08-22 00:00:00,2013,8,5765,fae,4665250,0.0,4.0,0,MAR,0.0,ES,0.0,79.0,36.52,8.39,0,93,505
2013-08-22 00:00:00,2013,8,12069,ce,4665250,0.0,7.33,0,MAR,0.0,PL,50.0,45.0,55.32,3.04,0,86,506
2013-08-22 00:00:00,2013,8,5692,master,4665250,0.0,5.0,0,MAR,0.0,ES,50.0,79.0,50.7,24.88,0,66,507
2013-08-22 00:00:00,2013,8,6010,co,4665250,0.0,30.0,1,MAR,0.0,ES,0.0,90.0,59.41,16.03,0,86,508
2013-08-23 00:00:00,2013,8,0,ce,4667108,0.0,10.0,0,,0.0,,0.0,0.0,,,,,509
2013-08-23 00:00:00,2013,8,8434,fae,4667998,4.48,2.5,1,MAR,32.08,ME,0.0,102.0,45.95,6.53,0,102,510
2013-08-23 00:00:00,2013,8,1413,ce,4667998,5.17,11.67,0,MAR,43.47,HR,40.0,54.5,55.37,16.57,0,122,511
2013-08-23 00:00:00,2013,8,0,fae,4667108,0.0,10.0,0,,0.0,,0.0,0.0,,,,,512
2013-08-23 00:00:00,2013,8,0,co,4667108,0.0,4.0,0,,0.0,,0.0,0.0,,,,,513
2013-08-23 00:00:00,2013,8,7737,co,4667998,13.06,49.0,0,MAR,0.0,IN,0.0,66.0,29.21,11.3,0,103,514
2013-08-23 00:00:00,2013,8,7983,master,4667998,5.08,20.2,0,MAR,39.06,IN,0.0,47.75,52.13,9.34,0,112,515
2013-08-23 00:00:00,2013,8,0,master,4667108,0.0,7.2,0,,0.0,,0.0,0.0,,,,,516
2013-08-24 00:00:00,2013,8,3081,co,4669606,8.08,9.8,0,SIN,13.57,HR,0.0,69.5,34.2,10.97,0,139,517
2013-08-24 00:00:00,2013,8,8069,fae,4669606,7.87,5.0,0,MAR,11.57,IN,100.0,59.5,35.01,11.04,0,119,518
2013-08-24 00:00:00,2013,8,1785,master,4669606,7.05,10.4,0,MAR,29.07,IT,0.0,58.0,47.4,18.51,0,116,519
2013-08-24 00:00:00,2013,8,1527,ce,4669606,7.0,5.0,0,MAR,8.75,IN,0.0,38.0,51.26,13.75,0,76,520
2013-08-25 00:00:00,2013,8,7737,co,4670604,13.06,49.0,0,MAR,0.0,IN,0.0,49.5,29.21,11.3,0,103,521
2013-08-25 00:00:00,2013,8,7983,master,4670604,5.08,20.25,0,MAR,39.06,IN,0.0,38.2,52.13,9.34,0,112,522
2013-08-25 00:00:00,2013,8,9172,fae,4671626,0.0,16.25,1,,0.0,ES,0.0,46.0,38.35,2.57,0,94,523
2013-08-25 00:00:00,2013,8,8434,fae,4670604,4.48,2.5,1,MAR,32.08,ME,0.0,51.0,45.95,6.53,0,102,524
2013-08-25 00:00:00,2013,8,7709,co,4671626,0.0,9.6,1,MAR,0.0,IN,90.0,46.4,34.45,11.03,0,124,525
2013-08-25 00:00:00,2013,8,1413,ce,4670604,5.17,9.38,0,MAR,43.47,HR,40.0,43.6,55.37,16.57,0,122,526
2013-08-25 00:00:00,2013,8,10788,master,4671626,0.0,8.62,1,MAR,0.0,IN,0.0,44.4,39.42,4.09,0,123,527
2013-08-25 00:00:00,2013,8,11757,ce,4671626,0.0,22.33,1,,0.0,HR,0.0,43.33,52.23,3.23,0,130,528
2013-08-26 00:00:00,2013,8,7709,co,4762718,0.0,9.6,1,MAR,0.0,IN,90.0,38.67,34.45,11.03,0,124,529
2013-08-26 00:00:00,2013,8,10788,master,4762718,0.0,8.67,1,MAR,0.0,IN,0.0,37.0,39.42,4.09,0,123,530
2013-08-26 00:00:00,2013,8,11757,ce,4762718,0.0,30.25,1,,0.0,HR,0.0,32.5,52.23,3.23,0,130,531
2013-08-26 00:00:00,2013,8,9172,fae,4762718,0.0,18.4,1,,0.0,ES,0.0,38.33,38.35,2.57,0,94,532
2013-08-27 00:00:00,2013,8,8988,co,4693824,0.87,4.0,0,MAR,43.93,IN,0.0,101.0,32.79,8.01,0,101,533
2013-08-27 00:00:00,2013,8,2193,ce,4693824,0.0,0.0,0,MAR,0.0,PH,20.0,101.0,57.22,-0.5,0,101,534
2013-08-27 00:00:00,2013,8,461,master,4693824,0.0,6.2,0,MAR,0.0,HR,50.0,98.5,52.72,25.05,0,103,535
2013-08-27 00:00:00,2013,8,8119,fae,4693824,0.0,8.0,0,MAR,0.0,IN,30.0,72.0,38.11,10.39,0,103,536
2013-08-28 00:00:00,2013,8,0,master,4671234,0.0,4.6,0,,0.0,,0.0,0.0,,,,,537
2013-08-28 00:00:00,2013,8,0,ce,4671234,0.0,10.0,0,,0.0,,0.0,0.0,,,,,538
2013-08-28 00:00:00,2013,8,0,fae,4671234,0.0,9.5,0,,0.0,,0.0,0.0,,,,,539
2013-08-28 00:00:00,2013,8,0,co,4671234,0.0,4.0,0,,0.0,,0.0,0.0,,,,,540
2013-08-29 00:00:00,2013,8,7915,fae,4673377,1.23,0.0,0,MAR,49.0,IN,0.0,44.33,39.39,8.74,0,40,541
2013-08-29 00:00:00,2013,8,3232,co,4673377,-2.08,9.8,0,MAR,32.41,IN,0.0,87.33,38.2,11.05,0,135,542
2013-08-29 00:00:00,2013,8,2139,ce,4673377,-6.65,5.0,1,MAR,37.19,PH,0.0,27.6,46.7,15.96,0,138,543
2013-08-29 00:00:00,2013,8,1762,master,4673377,-0.74,10.27,0,MAR,68.83,IN,0.0,25.25,53.06,25.26,0,101,544
2013-08-30 00:00:00,2013,8,7818,co,4673639,2.37,0.0,1,MAR,13.12,IN,84.0,105.0,33.92,15.81,0,97,545
2013-08-30 00:00:00,2013,8,10845,ce,4673639,1.58,5.0,0,MAR,0.0,IN,90.0,62.33,48.16,4.06,0,93,546
2013-08-30 00:00:00,2013,8,1000,master,4673639,1.79,13.0,0,MAR,27.71,GB,90.0,98.0,61.06,24.37,0,102,547
2013-08-30 00:00:00,2013,8,8701,fae,4673639,1.92,4.0,0,SIN,0.0,IN,0.0,120.0,32.91,6.03,0,120,548
2013-08-31 00:00:00,2013,8,12162,master,4673613,0.0,4.6,0,MAR,0.0,IN,0.0,45.0,41.45,2.76,0,135,549
2013-08-31 00:00:00,2013,8,9464,fae,4673613,0.0,0.0,0,MAR,0.0,IN,65.0,116.0,40.78,5.56,0,114,550
2013-08-31 00:00:00,2013,8,8651,co,4673613,0.0,6.15,0,,0.0,RU,0.0,112.5,50.98,5.66,0,104,551
2013-08-31 00:00:00,2013,8,10607,ce,4673613,0.0,5.0,1,MAR,0.0,IN,20.0,42.25,43.09,4.33,0,76,552
2013-09-02 00:00:00,2013,9,7693,fae,4673577,4.59,0.0,0,MAR,27.12,IN,84.0,114.0,36.74,6.55,0,114,553
2013-09-02 00:00:00,2013,9,1301,master,4673577,12.64,10.2,1,MAR,28.35,PH,0.0,142.0,57.26,24.82,0,142,554
2013-09-02 00:00:00,2013,9,8847,co,4673577,1.52,9.8,1,MAR,17.15,IN,70.0,99.0,34.78,8.89,0,99,555
2013-09-02 00:00:00,2013,9,10635,ce,4673577,5.0,0.0,1,MAR,18.55,IN,0.0,119.0,48.35,4.26,0,119,556
2013-09-06 00:00:00,2013,9,3100,co,4676935,6.11,3.5,1,MAR,18.38,IN,0.0,72.33,50.72,11.14,0,102,557
2013-09-06 00:00:00,2013,9,7815,ce,4676935,5.07,5.83,0,MAR,25.54,IN,0.0,24.75,40.62,14.18,0,89,558
2013-09-06 00:00:00,2013,9,7601,master,4676935,5.76,6.0,0,MAR,68.25,IN,0.0,98.5,36.12,6.43,0,92,559
2013-09-06 00:00:00,2013,9,10545,fae,4676935,7.09,0.0,0,MAR,5.83,RU,56.0,65.67,30.44,4.56,0,114,560
2013-09-11 00:00:00,2013,9,1474,ce,4681218,4.96,5.0,0,MAR,0.0,IN,0.0,98.0,50.37,15.51,0,98,561
2013-09-11 00:00:00,2013,9,7601,master,4681218,5.76,6.1,0,MAR,68.25,IN,0.0,65.67,36.12,6.43,0,92,562
2013-09-11 00:00:00,2013,9,10545,fae,4681218,7.09,5.0,0,MAR,5.83,RU,56.0,49.25,30.44,4.56,0,114,563
2013-09-11 00:00:00,2013,9,3100,co,4681218,6.11,3.5,1,MAR,18.38,IN,0.0,54.25,50.72,11.14,0,102,564
2013-09-14 00:00:00,2013,9,773,ce,4681540,0.0,22.5,0,DIV,0.0,IN,50.0,52.5,53.7,19.38,0,98,565
2013-09-14 00:00:00,2013,9,29,master,4681888,-0.59,6.95,1,SIN,40.25,NO,0.0,30.25,51.59,29.36,0,121,566
2013-09-14 00:00:00,2013,9,9172,fae,4681540,0.0,18.4,1,,0.0,ES,0.0,32.86,38.35,2.57,0,94,567
2013-09-14 00:00:00,2013,9,7709,co,4681540,0.0,8.2,1,MAR,0.0,IN,90.0,33.14,34.45,11.03,0,124,568
2013-09-14 00:00:00,2013,9,10788,master,4681540,0.0,8.34,1,MAR,0.0,IN,0.0,31.71,39.42,4.09,0,123,569
2013-09-14 00:00:00,2013,9,820,ce,4681888,-0.78,0.0,0,MAR,18.3,GB,0.0,96.0,59.5,26.4,0,96,570
2013-09-14 00:00:00,2013,9,5398,fae,4681888,1.4,0.0,0,MAR,15.11,RU,70.0,95.0,40.41,9.25,0,102,571
2013-09-14 00:00:00,2013,9,8801,co,4681888,-0.55,4.9,0,SIN,17.94,HR,70.0,115.5,32.9,-4.16,0,124,572
2013-09-16 00:00:00,2013,9,461,master,4684226,0.0,6.3,0,MAR,0.0,HR,50.0,65.67,52.72,25.05,0,103,573
2013-09-16 00:00:00,2013,9,8119,fae,4684226,0.0,5.25,0,MAR,0.0,IN,30.0,54.0,38.11,10.39,0,103,574
2013-09-16 00:00:00,2013,9,12683,master,4684154,0.0,27.5,0,MAR,0.0,IN,50.0,53.25,44.92,2.33,0,100,575
2013-09-16 00:00:00,2013,9,8988,co,4684226,0.87,4.0,0,MAR,43.93,IN,0.0,50.5,32.79,8.01,0,101,576
2013-09-16 00:00:00,2013,9,7204,co,4684154,0.1,0.0,0,MAR,19.25,HR,41.0,62.0,48.48,-3.15,1,100,577
2013-09-16 00:00:00,2013,9,10411,fae,4684154,0.0,4.0,0,MAR,0.0,IN,35.0,59.0,37.42,4.77,0,118,578
2013-09-16 00:00:00,2013,9,2193,ce,4684226,0.0,2.5,0,MAR,0.0,PH,20.0,50.5,57.22,-0.5,0,101,579
2013-09-16 00:00:00,2013,9,1835,ce,4684154,0.0,6.67,0,MAR,0.0,IN,50.0,52.5,46.19,14.71,0,115,580
2013-09-17 00:00:00,2013,9,7919,master,4682952,0.0,0.0,0,MAR,0.0,IN,0.0,48.5,55.83,8.7,0,97,581
2013-09-17 00:00:00,2013,9,5418,co,4682952,0.0,0.0,0,MAR,0.0,RU,85.0,57.0,32.61,9.09,0,114,582
2013-09-17 00:00:00,2013,9,7373,fae,4682952,0.0,5.0,1,MAR,0.0,IN,68.0,120.0,32.26,6.71,0,120,583
2013-09-17 00:00:00,2013,9,3050,ce,4682952,0.0,5.0,0,MAR,0.0,RU,90.0,51.0,43.61,11.05,0,102,584
2013-09-18 00:00:00,2013,9,0,fae,4683306,0.0,9.5,0,,0.0,,0.0,0.0,,,,,585
2013-09-18 00:00:00,2013,9,0,co,4683306,0.0,3.25,0,,0.0,,0.0,0.0,,,,,586
2013-09-18 00:00:00,2013,9,0,master,4683306,0.0,3.93,0,,0.0,,0.0,0.0,,,,,587
2013-09-18 00:00:00,2013,9,0,ce,4683306,0.0,10.0,0,,0.0,,0.0,0.0,,,,,588
2013-09-20 00:00:00,2013,9,7757,fae,4690108,6.77,0.0,0,MAR,31.5,IN,68.0,78.33,35.47,6.82,0,94,589
2013-09-20 00:00:00,2013,9,830,master,4690108,6.76,10.67,1,MAR,10.94,IN,0.0,52.5,52.83,20.45,0,105,590
2013-09-20 00:00:00,2013,9,2633,co,4690108,9.07,13.9,0,MAR,14.82,PH,76.0,37.0,43.56,24.39,0,111,591
2013-09-20 00:00:00,2013,9,8824,ce,4690108,6.5,12.73,1,MAR,10.94,IN,0.0,50.25,43.45,5.92,0,105,592
2013-09-22 00:00:00,2013,9,10324,fae,4694316,11.33,8.0,0,SIN,0.0,RU,0.0,140.0,30.18,5.03,0,140,593
2013-09-22 00:00:00,2013,9,6586,co,4702349,0.0,5.0,0,MAR,0.0,AU,35.0,47.0,59.08,6.5,0,47,594
2013-09-22 00:00:00,2013,9,3512,master,4702349,0.0,5.2,0,MAR,0.0,AU,50.0,37.0,55.42,15.6,0,37,595
2013-09-22 00:00:00,2013,9,9613,ce,4694316,13.18,11.7,0,,5.83,RU,0.0,102.0,61.95,5.35,0,204,596
2013-09-22 00:00:00,2013,9,14134,fae,4702349,0.0,0.0,1,MAR,0.0,IN,0.0,41.0,29.63,-4.99,0,41,597
2013-09-22 00:00:00,2013,9,3545,ce,4702349,0.0,17.25,1,MAR,0.0,AU,0.0,16.4,34.04,11.8,0,38,598
2013-09-22 00:00:00,2013,9,8013,master,4694316,0.84,2.0,0,MAR,30.16,IN,0.0,89.0,38.16,16.48,0,89,599
2013-09-22 00:00:00,2013,9,5485,co,4694316,12.17,0.0,1,MAR,0.0,IN,66.0,135.0,34.62,8.92,0,135,600
2013-09-24 00:00:00,2013,9,1028,fae,4688522,0.0,2.5,0,MAR,0.0,PH,0.0,104.0,54.39,24.64,0,102,601
2013-09-24 00:00:00,2013,9,1515,ce,4688522,0.0,5.25,0,SIN,0.0,LV,0.0,69.67,37.61,14.18,0,107,602
2013-09-24 00:00:00,2013,9,1480,co,4688522,0.0,9.8,0,MAR,0.0,LV,70.0,104.0,37.94,15.39,0,102,603
2013-09-24 00:00:00,2013,9,1667,master,4688522,0.0,10.3,0,MAR,0.0,IT,50.0,102.5,57.71,12.15,0,108,604
2013-10-01 00:00:00,2013,10,2997,fae,4713099,5.64,9.5,0,MAR,25.83,IN,0.0,42.6,47.51,14.04,0,101,605
2013-10-01 00:00:00,2013,10,10788,master,4694636,0.0,7.63,1,MAR,0.0,IN,0.0,27.75,39.42,4.09,0,123,606
2013-10-01 00:00:00,2013,10,8671,co,4713099,8.43,0.0,1,MAR,55.83,CA,0.0,53.0,43.86,5.84,0,53,607
2013-10-01 00:00:00,2013,10,773,ce,4694636,0.0,16.25,0,DIV,0.0,IN,50.0,42.0,53.7,19.38,0,98,608
2013-10-01 00:00:00,2013,10,9172,fae,4694636,0.0,16.67,1,,0.0,ES,0.0,28.75,38.35,2.57,0,94,609
2013-10-01 00:00:00,2013,10,7710,master,4713099,5.62,0.0,0,MAR,34.96,IN,0.0,103.0,41.72,18.12,0,103,610
2013-10-01 00:00:00,2013,10,7709,co,4694636,0.0,8.2,1,MAR,0.0,IN,90.0,29.0,34.45,11.03,0,124,611
2013-10-01 00:00:00,2013,10,8027,ce,4713099,5.32,2.5,1,MAR,41.88,IN,0.0,103.0,46.11,6.19,0,103,612
2013-10-03 00:00:00,2013,10,5962,co,4708670,0.0,0.0,1,SIN,0.0,ES,0.0,70.0,47.94,19.83,0,70,613
2013-10-03 00:00:00,2013,10,9673,master,4708670,0.0,19.53,1,MAR,0.0,ES,0.0,64.67,49.79,21.95,0,101,614
2013-10-03 00:00:00,2013,10,8756,co,4707250,4.49,8.0,0,MAR,19.04,HR,73.0,97.5,33.58,5.93,0,99,615
2013-10-03 00:00:00,2013,10,5785,fae,4706736,0.0,4.0,1,SIN,0.0,ES,0.0,50.5,36.72,10.17,0,101,616
2013-10-03 00:00:00,2013,10,8577,ce,4707250,1.74,0.0,0,MAR,0.0,IN,0.0,104.0,45.15,7.21,0,104,617
2013-10-03 00:00:00,2013,10,654,master,4707250,1.45,12.2,0,MAR,42.58,IN,0.0,67.0,57.48,19.67,0,134,618
2013-10-03 00:00:00,2013,10,6029,ce,4706736,0.0,5.0,1,MAR,0.0,ES,0.0,64.67,54.35,25.2,0,101,619
2013-10-03 00:00:00,2013,10,5962,co,4706736,0.0,0.0,1,SIN,0.0,ES,0.0,70.0,47.94,19.83,0,70,620
2013-10-03 00:00:00,2013,10,9673,master,4706736,0.0,25.55,1,MAR,0.0,ES,0.0,64.67,49.79,21.95,0,101,621
2013-10-03 00:00:00,2013,10,5785,fae,4708670,0.0,13.25,1,SIN,0.0,ES,0.0,50.5,36.72,10.17,0,101,622
2013-10-03 00:00:00,2013,10,10669,fae,4707250,1.81,0.0,1,MAR,78.75,RU,85.0,117.0,36.04,-3.57,0,98,623
2013-10-03 00:00:00,2013,10,6029,ce,4708670,0.0,25.0,1,MAR,0.0,ES,0.0,64.67,54.35,25.2,0,101,624
2013-10-04 00:00:00,2013,10,9172,fae,4710462,0.0,16.67,1,,0.0,ES,0.0,25.56,38.35,2.57,0,94,625
2013-10-04 00:00:00,2013,10,7709,co,4710462,0.0,7.56,1,MAR,0.0,IN,90.0,25.78,34.45,11.03,0,124,626
2013-10-04 00:00:00,2013,10,10788,master,4710462,0.0,7.39,1,MAR,0.0,IN,0.0,24.67,39.42,4.09,0,123,627
2013-10-04 00:00:00,2013,10,773,ce,4710462,0.0,16.25,0,DIV,0.0,IN,50.0,35.0,53.7,19.38,0,98,628
2013-10-06 00:00:00,2013,10,1254,master,4712966,0.0,0.0,0,MAR,0.0,IN,50.0,92.0,51.99,20.87,0,92,629
2013-10-06 00:00:00,2013,10,10565,master,4781780,0.0,54.0,1,MAR,0.0,IN,50.0,116.0,53.23,4.51,0,116,630
2013-10-06 00:00:00,2013,10,10441,ce,4781780,0.0,0.0,1,MAR,0.0,IN,0.0,131.0,41.82,4.72,0,131,631
2013-10-06 00:00:00,2013,10,7804,co,4781780,13.49,36.0,1,MAR,0.0,IN,85.0,95.0,35.02,6.4,0,95,632
2013-10-06 00:00:00,2013,10,1716,co,4712966,0.0,0.0,0,MAR,0.0,IN,100.0,144.0,34.53,-0.33,1,144,633
2013-10-06 00:00:00,2013,10,14197,fae,4712966,0.0,5.0,1,SIN,0.0,IN,70.0,110.0,29.32,0.56,0,110,634
2013-10-06 00:00:00,2013,10,8083,fae,4781780,0.0,5.0,1,MAR,0.0,IN,0.0,112.5,46.03,11.02,0,146,635
2013-10-06 00:00:00,2013,10,3113,ce,4712966,0.0,5.0,0,MAR,0.0,IN,0.0,72.0,59.72,10.84,0,25,636
2013-10-09 00:00:00,2013,10,7950,ce,4714187,8.07,0.0,0,MAR,54.69,IN,0.0,90.0,37.79,8.44,0,90,637
2013-10-09 00:00:00,2013,10,2490,co,4714187,8.63,6.15,0,MAR,13.12,PH,56.0,106.0,51.32,6.03,1,90,638
2013-10-09 00:00:00,2013,10,3098,master,4714187,6.57,6.4,1,MAR,16.53,IN,0.0,93.0,48.37,11.2,0,103,639
2013-10-09 00:00:00,2013,10,729,fae,4714187,5.0,0.0,0,MAR,28.44,PH,70.0,102.0,49.27,23.68,0,102,640
2013-10-10 00:00:00,2013,10,8854,master,5001158,0.0,6.4,0,MAR,0.0,IN,0.0,135.0,45.48,6.1,0,138,641
2013-10-10 00:00:00,2013,10,1513,ce,5001158,0.0,0.0,0,MAR,0.0,HR,0.0,108.0,59.33,14.43,0,108,642
2013-10-10 00:00:00,2013,10,10901,ce,4702761,1.81,10.0,1,MAR,5.83,IN,0.0,112.5,36.3,4.23,0,116,643
2013-10-10 00:00:00,2013,10,1667,master,4698425,0.0,11.3,0,MAR,0.0,IT,50.0,68.33,57.71,12.15,0,108,644
2013-10-10 00:00:00,2013,10,267,co,4702761,3.28,0.0,0,MAR,15.0,PL,0.0,70.0,49.8,12.22,0,106,645
2013-10-10 00:00:00,2013,10,4677,master,4702761,1.09,2.0,1,MAR,16.33,IN,50.0,113.0,55.88,10.63,0,113,646
2013-10-10 00:00:00,2013,10,1028,fae,4698425,0.0,3.25,0,MAR,0.0,PH,0.0,69.33,54.39,24.64,0,102,647
2013-10-10 00:00:00,2013,10,9464,fae,5001158,0.0,0.0,0,MAR,0.0,IN,65.0,77.33,40.78,5.56,0,114,648
2013-10-10 00:00:00,2013,10,1515,ce,4698425,0.0,5.17,0,SIN,0.0,LV,0.0,52.25,37.61,14.18,0,107,649
2013-10-10 00:00:00,2013,10,479,fae,4702761,-0.41,6.5,1,WDW,4.38,PH,77.0,97.0,55.56,24.41,0,100,650
2013-10-10 00:00:00,2013,10,8651,co,5001158,0.0,4.93,0,,0.0,RU,0.0,75.0,50.98,5.66,0,104,651
2013-10-10 00:00:00,2013,10,1480,co,4698425,0.0,9.8,0,MAR,0.0,LV,70.0,69.33,37.94,15.39,0,102,652
2013-10-11 00:00:00,2013,10,8246,ce,4762476,5.99,2.5,1,MAR,0.0,IN,0.0,142.0,54.86,8.33,0,173,653
2013-10-11 00:00:00,2013,10,8142,master,4762476,5.75,7.6,0,MAR,19.69,IN,90.0,115.0,57.51,8.89,0,131,654
2013-10-11 00:00:00,2013,10,3081,co,4762476,7.46,9.8,0,SIN,13.57,HR,0.0,46.33,34.2,10.97,0,139,655
2013-10-11 00:00:00,2013,10,8827,fae,4762476,5.99,2.5,0,MAR,0.0,IN,70.0,131.0,35.65,6.06,0,131,656
2013-10-12 00:00:00,2013,10,8142,master,4700165,5.75,6.4,0,MAR,19.69,IN,90.0,76.67,57.51,8.89,0,131,657
2013-10-12 00:00:00,2013,10,3081,co,4700165,7.46,7.4,0,SIN,13.57,HR,0.0,34.75,34.2,10.97,0,139,658
2013-10-12 00:00:00,2013,10,8715,ce,4702977,0.0,10.0,1,MAR,0.0,IN,0.0,85.0,43.99,5.94,0,85,659
2013-10-12 00:00:00,2013,10,8827,fae,4700165,5.99,2.5,0,MAR,0.0,IN,70.0,65.5,35.65,6.06,0,131,660
2013-10-12 00:00:00,2013,10,8111,master,4702977,0.0,2.0,0,MAR,0.0,IN,0.0,85.0,52.38,21.19,0,85,661
2013-10-12 00:00:00,2013,10,2412,fae,4702977,0.0,8.0,1,MAR,0.0,PH,85.0,142.0,31.75,14.58,0,142,662
2013-10-12 00:00:00,2013,10,8246,ce,4700165,5.99,2.5,1,MAR,0.0,IN,0.0,94.67,54.86,8.33,0,173,663
2013-10-12 00:00:00,2013,10,2128,co,4702977,0.0,0.0,0,MAR,0.0,PH,70.0,122.0,48.47,26.38,0,122,664
2013-10-13 00:00:00,2013,10,2980,master,4715190,1.28,6.55,0,MAR,20.85,IN,0.0,121.5,62.82,23.64,0,155,665
2013-10-13 00:00:00,2013,10,5398,fae,4715190,0.91,2.0,0,MAR,13.85,RU,70.0,63.33,40.41,9.25,0,102,666
2013-10-13 00:00:00,2013,10,8801,co,4715190,-0.68,3.93,0,SIN,17.1,HR,70.0,77.0,32.9,-4.16,0,124,667
2013-10-13 00:00:00,2013,10,8722,ce,4715190,1.46,14.17,0,MAR,5.25,IN,0.0,39.0,42.71,6.18,0,100,668
2013-10-14 00:00:00,2013,10,1003,ce,4702309,10.7,0.0,1,MAR,22.25,IN,0.0,101.0,64.99,21.38,0,101,669
2013-10-14 00:00:00,2013,10,7987,co,4702309,5.07,4.45,0,MAR,18.75,IN,62.0,93.0,31.42,9.36,0,101,670
2013-10-14 00:00:00,2013,10,1777,master,4702309,3.09,5.1,0,DIV,10.23,IT,50.0,91.0,51.3,19.39,0,91,671
2013-10-14 00:00:00,2013,10,1750,fae,4702309,4.89,0.0,0,SIN,25.42,LV,0.0,94.0,33.33,11.38,0,94,672
2013-10-15 00:00:00,2013,10,6586,co,4706184,0.0,4.5,0,MAR,0.0,AU,35.0,23.5,59.08,6.5,0,47,673
